date;heure;variety;culture;bac;repetition;distance;PAR_140;PAR_down;PAR_percent;canope_colza;canope_feverole
07.06.2022;9:35:09 PM;An;As;5;1;5;94;1.59;1.691489362;sous;
07.06.2022;9:36:57 PM;An;As;5;1;15;65;0.59;0.907692308;sous;
07.06.2022;9:37:36 PM;An;As;5;1;25;67;0.87;1.298507463;sous;
07.06.2022;9:38:14 PM;An;As;5;1;35;71;1.06;1.492957746;sous;
07.06.2022;9:38:57 PM;An;As;5;1;45;76;22.36;29.42105263;sous;
07.06.2022;9:39:45 PM;An;As;5;1;55;99;36.68;37.05050505;sur;
07.06.2022;9:40:22 PM;An;As;5;1;65;73;44.63;61.1369863;sur;
07.06.2022;9:41:04 PM;An;As;5;1;75;80;49.66;62.075;sur;
07.06.2022;9:42:02 PM;An;As;5;1;85;68;51.18;75.26470588;sur;
07.06.2022;9:42:36 PM;An;As;5;1;95;67;54.92;81.97014925;sur;
07.06.2022;9:43:07 PM;An;As;5;1;105;87;59.24;68.09195402;sur;
07.06.2022;9:43:41 PM;An;As;5;1;115;61;57.56;94.36065574;sur;
07.06.2022;9:44:13 PM;An;As;5;1;125;95;75.25;79.21052632;sur;
07.06.2022;9:45:18 PM;An;As;5;1;140;65;74.94;115.2923077;sur;
07.06.2022;9:52:01 PM;An;As;5;2;5;77.36;0.52;0.672182006;sous;
07.06.2022;9:52:41 PM;An;As;5;2;15;76.55;0.3;0.391900718;sous;
07.06.2022;9:53:21 PM;An;As;5;2;25;82.23;0.56;0.681016661;sous;
07.06.2022;9:54:01 PM;An;As;5;2;35;76.27;0.77;1.00957126;sous;
07.06.2022;9:54:51 PM;An;As;5;2;45;90.07;9.76;10.83601643;sous;
07.06.2022;9:55:32 PM;An;As;5;2;55;78.98;14.63;18.52367688;sous;
07.06.2022;9:56:01 PM;An;As;5;2;65;57.88;35.86;61.95577056;sur;
07.06.2022;9:57:12 PM;An;As;5;2;75;69.24;46.51;67.17215482;sur;
07.06.2022;9:58:21 PM;An;As;5;2;85;57.88;59.83;103.3690394;sur;
07.06.2022;9:59:02 PM;An;As;5;2;95;87.63;64.38;73.46799041;sur;
07.06.2022;9:59:32 PM;An;As;5;2;105;80.6;65.59;81.37717122;sur;
07.06.2022;10:00:02 PM;An;As;5;2;115;69.78;67.07;96.11636572;sur;
07.06.2022;10:02:01 PM;An;As;5;2;125;60.59;69.79;115.1840238;sur;
07.06.2022;10:02:46 PM;An;As;5;2;140;90.88;81.42;89.59066901;sur;
07.06.2022;10:10:51 PM;An;Mo;4;1;5;48.96;0.24;0.490196078;sous;
07.06.2022;10:12:20 PM;An;Mo;4;1;15;68.44;0.21;0.306838106;sous;
07.06.2022;10:13:20 PM;An;Mo;4;1;25;61.68;0.57;0.924124514;sous;
07.06.2022;10:14:20 PM;An;Mo;4;1;35;71.68;1.04;1.450892857;sous;
07.06.2022;10:15:00 PM;An;Mo;4;1;45;51.67;11.16;21.59860654;sous;
07.06.2022;10:15:40 PM;An;Mo;4;1;55;47.07;3.63;7.711918419;sous;
07.06.2022;10:16:11 PM;An;Mo;4;1;65;48.42;15.11;31.20611318;sur;
07.06.2022;10:16:42 PM;An;Mo;4;1;75;69.25;50.03;72.24548736;sur;
07.06.2022;10:17:01 PM;An;Mo;4;1;85;71.14;53.38;75.03514197;sur;
07.06.2022;10:17:31 PM;An;Mo;4;1;95;50.04;55.23;110.3717026;sur;
07.06.2022;10:17:51 PM;An;Mo;4;1;105;70.33;56.51;80.34977961;sur;
07.06.2022;10:19:02 PM;An;Mo;4;1;115;70.33;47.7;67.82311958;sur;
07.06.2022;10:19:40 PM;An;Mo;4;1;125;45.44;49.28;108.4507042;sur;
07.06.2022;10:20:03 PM;An;Mo;4;1;140;54.37;56.99;104.8188339;sur;
07.06.2022;10:24:50 PM;An;Mo;4;2;5;57.62;0.27;0.468587296;sous;
07.06.2022;10:26:00 PM;An;Mo;4;2;15;67.63;0.19;0.280940411;sous;
07.06.2022;10:27:10 PM;An;Mo;4;2;25;90.61;0.26;0.286944046;sous;
07.06.2022;10:28:11 PM;An;Mo;4;2;35;55.18;13.5;24.46538601;sous;
07.06.2022;10:29:00 PM;An;Mo;4;2;45;71.68;34.34;47.90736607;sous;
07.06.2022;10:29:20 PM;An;Mo;4;2;55;55.18;47.02;85.21203335;sur;
07.06.2022;10:29:50 PM;An;Mo;4;2;65;57.89;56.01;96.75246157;sur;
07.06.2022;10:30:12 PM;An;Mo;4;2;75;80.61;60.7;75.30083116;sur;
07.06.2022;10:30:31 PM;An;Mo;4;2;85;69.25;65.88;95.13357401;sur;
07.06.2022;10:30:51 PM;An;Mo;4;2;95;92.24;72.99;79.13052905;sur;
07.06.2022;10:31:11 PM;An;Mo;4;2;105;73.31;75.22;102.6053744;sur;
07.06.2022;10:31:41 PM;An;Mo;4;2;115;58.7;79.41;135.2810903;sur;
07.06.2022;10:32:11 PM;An;Mo;4;2;125;50.59;84.6;167.2267246;sur;
07.06.2022;10:32:31 PM;An;Mo;4;2;140;65.46;70.31;107.4091048;sur;
07.06.2022;10:36:20 PM;Ma;As;5;1;5;70.06;0.19;0.271196118;sous;
07.06.2022;10:37:40 PM;Ma;As;5;1;15;111.18;0.35;0.314804821;sous;
07.06.2022;10:38:52 PM;Ma;As;5;1;25;105.49;0.59;0.55929472;sous;
07.06.2022;10:39:40 PM;Ma;As;5;1;35;78.44;0.97;1.236613972;sous;
07.06.2022;10:41:41 PM;Ma;As;5;1;45;105.23;6.1;5.796826;sur;
07.06.2022;10:42:04 PM;Ma;As;5;1;55;108.47;7.04;6.490273808;sur;
07.06.2022;10:42:40 PM;Ma;As;5;1;65;67.36;12.67;18.80938242;sur;
07.06.2022;10:43:41 PM;Ma;As;5;1;75;106.85;14.24;13.32709406;sur;
07.06.2022;10:44:20 PM;Ma;As;5;1;85;106.85;18.41;17.22976135;sur;
07.06.2022;10:45:11 PM;Ma;As;5;1;95;79.25;28.56;36.03785489;sur;
07.06.2022;10:46:01 PM;Ma;As;5;1;105;86.83;78.91;90.87872855;sur;
07.06.2022;10:46:52 PM;Ma;As;5;1;115;67.89;57.46;84.63691265;sur;
07.06.2022;10:47:32 PM;Ma;As;5;1;140;96.03;60.22;62.70956993;sur;
07.06.2022;10:50:50 PM;Ma;As;5;2;5;60.59;0.96;1.584419871;sous;
07.06.2022;10:51:31 PM;Ma;As;5;2;15;96.15;0.13;0.135205408;sous;
07.06.2022;10:52:20 PM;Ma;As;5;2;25;92.78;1.18;1.271825825;sous;
07.06.2022;10:53:13 PM;Ma;As;5;2;35;61.41;1.11;1.807523205;sous;
07.06.2022;10:53:51 PM;Ma;As;5;2;45;61.94;14.52;23.44204068;sur;
07.06.2022;10:54:40 PM;Ma;As;5;2;55;100.36;10.47;10.4324432;sur;
07.06.2022;10:55:02 PM;Ma;As;5;2;65;102.52;23.9;23.31252439;sur;
07.06.2022;10:55:22 PM;Ma;As;5;2;75;73.85;26.6;36.01895735;sur;
07.06.2022;10:55:51 PM;Ma;As;5;2;85;75.74;61.42;81.09321363;sur;
07.06.2022;10:56:15 PM;Ma;As;5;2;95;89.81;69.07;76.90680325;sur;
07.06.2022;10:56:36 PM;Ma;As;5;2;105;101.71;75.32;74.05368204;sur;
07.06.2022;10:56:53 PM;Ma;As;5;2;115;82.78;74;89.39357333;sur;
07.06.2022;10:57:11 PM;Ma;As;5;2;140;70.06;87.73;125.2212389;sur;
07.06.2022;11:02:50 PM;Ma;Mo;4;1;5;147.16;0.18;0.122315847;sous;
07.06.2022;11:04:00 PM;Ma;Mo;4;1;15;124.7;0.21;0.16840417;sous;
07.06.2022;11:05:53 PM;Ma;Mo;4;1;25;152.3;0.61;0.400525279;sous;
07.06.2022;11:07:22 PM;Ma;Mo;4;1;35;139.04;1.85;1.330552359;sous;
07.06.2022;11:07:53 PM;Ma;Mo;4;1;45;94.94;1.69;1.780071624;sous;
07.06.2022;11:08:41 PM;Ma;Mo;4;1;55;91.43;26.78;29.29016734;sous;
07.06.2022;11:09:11 PM;Ma;Mo;4;1;65;97.29;12.26;12.60150067;sous;
07.06.2022;11:09:41 PM;Ma;Mo;4;1;75;150.14;60.8;40.4955375;sur;
07.06.2022;11:10:01 PM;Ma;Mo;4;1;85;144.18;59.84;41.50367596;sur;
07.06.2022;11:10:21 PM;Ma;Mo;4;1;95;104.96;79.53;75.77172256;sur;
07.06.2022;11:10:41 PM;Ma;Mo;4;1;105;150.13;72.79;48.48464664;sur;
07.06.2022;11:11:02 PM;Ma;Mo;4;1;115;93.86;85.82;91.43405071;sur;
07.06.2022;11:11:21 PM;Ma;Mo;4;1;140;130.66;131.3;100.4898209;sur;
07.06.2022;11:14:01 PM;Ma;Mo;4;2;5;71.42;0.25;0.350042005;sous;
07.06.2022;11:14:51 PM;Ma;Mo;4;2;15;67.08;0.26;0.387596899;sous;
07.06.2022;11:15:50 PM;Ma;Mo;4;2;25;96.84;0.22;0.227178852;sous;
07.06.2022;11:17:01 PM;Ma;Mo;4;2;35;96.03;0.62;0.645631573;sous;
07.06.2022;11:18:01 PM;Ma;Mo;4;2;45;60.59;16.34;26.96814656;sous;
07.06.2022;11:18:42 PM;Ma;Mo;4;2;55;67.08;47.93;71.45199761;sur;
07.06.2022;11:19:01 PM;Ma;Mo;4;2;65;99.27;58;58.42651355;sur;
07.06.2022;11:19:33 PM;Ma;Mo;4;2;75;90.62;60.39;66.64091812;sur;
07.06.2022;11:19:53 PM;Ma;Mo;4;2;85;88.19;65.17;73.89726726;sur;
07.06.2022;11:20:11 PM;Ma;Mo;4;2;95;61.41;72.97;118.8242957;sur;
07.06.2022;11:20:32 PM;Ma;Mo;4;2;105;67.9;78.51;115.6259205;sur;
07.06.2022;27.06.2022 23:21;Ma;Mo;4;2;115;97.92;84;85.78431373;sur;
07.06.2022;27.06.2022 23:21;Ma;Mo;4;2;140;76.55;86.91;113.5336381;sur;
07.06.2022;11:37:50 PM;Fe;As;5;1;5;115.78;1.19;1.027811366;sous;
07.06.2022;11:38:33 PM;Fe;As;5;1;15;98.77;0.86;0.87070973;sous;
07.06.2022;11:39:23 PM;Fe;As;5;1;25;86.56;3.96;4.574861368;sous;
07.06.2022;11:40:10 PM;Fe;As;5;1;35;84.39;1.65;1.955207963;sous;
07.06.2022;11:41:00 PM;Fe;As;5;1;45;128.22;0.47;0.366557479;sous;
07.06.2022;11:41:31 PM;Fe;As;5;1;55;117.94;22.39;18.98422927;sous;
07.06.2022;11:42:01 PM;Fe;As;5;1;65;139.85;38.88;27.80121559;sur;
07.06.2022;11:42:41 PM;Fe;As;5;1;75;92.24;32.4;35.12575889;sur;
07.06.2022;11:43:02 PM;Fe;As;5;1;85;80.07;42.37;52.91619833;sur;
07.06.2022;11:43:22 PM;Fe;As;5;1;95;118.75;48.28;40.65684211;sur;
07.06.2022;11:44:02 PM;Fe;As;5;1;105;119.29;49.28;41.31109062;sur;
07.06.2022;11:44:31 PM;Fe;As;5;1;115;132.55;60.09;45.33383629;sur;
07.06.2022;11:45:21 PM;Fe;As;5;1;140;100.9;72.01;71.36769078;sur;
07.06.2022;11:48:40 PM;Fe;As;5;2;5;73.58;2.46;3.34329981;sous;
07.06.2022;11:49:50 PM;Fe;As;5;2;15;70.6;1.82;2.577903683;sous;
07.06.2022;11:50:53 PM;Fe;As;5;2;25;103.61;1.2;1.158189364;sous;
07.06.2022;11:52:10 PM;Fe;As;5;2;35;79.26;0.93;1.17335352;sous;
07.06.2022;11:52:43 PM;Fe;As;5;2;45;104.69;2.15;2.0536823;sous;
07.06.2022;27.06.2022 23:53;Fe;As;5;2;55;70.06;23.01;32.84327719;sur;
07.06.2022;27.06.2022 23:54;Fe;As;5;2;65;110.37;40.01;36.25079279;sur;
07.06.2022;11:54:33 PM;Fe;As;5;2;75;87.91;47.35;53.86190422;sur;
07.06.2022;11:54:52 PM;Fe;As;5;2;85;146.07;55.9;38.26932293;sur;
07.06.2022;11:55:51 PM;Fe;As;5;2;95;75.47;66.21;87.73022393;sur;
07.06.2022;11:56:14 PM;Fe;As;5;2;105;73.06;73.6;100.7391185;sur;
07.06.2022;11:56:42 PM;Fe;As;5;2;115;75.74;75.65;99.88117243;sur;
07.06.2022;11:57:22 PM;Fe;As;5;2;140;147;108.1;73.53741497;sur;
07.06.2022;12:03:50 AM;Fe;Mo;4;1;5;54.91;0.63;1.147331998;sous;
07.06.2022;12:04:30 AM;Fe;Mo;4;1;15;111.72;0.37;0.331185106;sous;
07.06.2022;12:05:51 AM;Fe;Mo;4;1;25;93.6;1.38;1.474358974;sous;
07.06.2022;12:07:11 AM;Fe;Mo;4;1;35;81.42;0.62;0.761483665;sous;
07.06.2022;12:07:52 AM;Fe;Mo;4;1;45;43.08;0.82;1.903435469;sous;
07.06.2022;12:08:31 AM;Fe;Mo;4;1;55;83.32;10.98;13.1781085;sous;
07.06.2022;12:09:12 AM;Fe;Mo;4;1;65;56.26;40.01;71.116246;sur;
07.06.2022;12:09:41 AM;Fe;Mo;4;1;75;136.07;70.08;51.50290292;sur;
07.06.2022;12:10:01 AM;Fe;Mo;4;1;85;101.71;59.34;58.34234589;sur;
07.06.2022;12:10:31 AM;Fe;Mo;4;1;95;60.32;76.69;127.1385942;sur;
07.06.2022;12:11:03 AM;Fe;Mo;4;1;105;136.61;70.96;51.94348876;sur;
07.06.2022;12:11:42 AM;Fe;Mo;4;1;115;106.74;67.04;62.80682031;sur;
07.06.2022;12:12:13 AM;Fe;Mo;4;1;140;91.16;85.56;93.8569548;sur;
07.06.2022;12:14:41 AM;Fe;Mo;4;2;5;130.66;3.03;2.318995867;sous;
07.06.2022;12:15:21 AM;Fe;Mo;4;2;15;102.52;0.41;0.399921966;sous;
07.06.2022;12:16:20 AM;Fe;Mo;4;2;25;94.68;0.66;0.697084918;sous;
07.06.2022;12:17:20 AM;Fe;Mo;4;2;35;132;0.71;0.537878788;sous;
07.06.2022;12:18:21 AM;Fe;Mo;4;2;45;128.22;23.05;17.97691468;sous;
07.06.2022;12:18:41 AM;Fe;Mo;4;2;55;105.77;26.61;25.15836248;sous;
07.06.2022;12:19:03 AM;Fe;Mo;4;2;65;144.99;72.95;50.31381475;sur;
07.06.2022;12:19:22 AM;Fe;Mo;4;2;75;126.87;79.64;62.77291716;sur;
07.06.2022;12:19:41 AM;Fe;Mo;4;2;85;123.35;87.71;71.10660722;sur;
07.06.2022;12:20:10 AM;Fe;Mo;4;2;95;115.51;93.22;80.70296944;sur;
07.06.2022;12:20:33 AM;Fe;Mo;4;2;105;121.73;76.37;62.73720529;sur;
07.06.2022;12:20:51 AM;Fe;Mo;4;2;115;94.14;73.08;77.6290631;sur;
07.06.2022;12:21:11 AM;Fe;Mo;4;2;140;129.85;119.6;92.10627647;sur;
07.06.2022;12:24:15 AM;An;Mo;3;1;5;107.39;0.26;0.242108204;sous;
07.06.2022;12:24:51 AM;An;Mo;3;1;15;122.81;0.3;0.244279782;sous;
07.06.2022;12:25:31 AM;An;Mo;3;1;25;110.1;0.18;0.163487738;sous;
07.06.2022;12:26:21 AM;An;Mo;3;1;35;146.87;1.72;1.171103697;sous;
07.06.2022;12:26:53 AM;An;Mo;3;1;45;130.93;15.19;11.60161919;sous;
07.06.2022;12:27:21 AM;An;Mo;3;1;55;122.27;46.24;37.81794389;sous;
07.06.2022;12:27:41 AM;An;Mo;3;1;65;128.76;71.5;55.5296676;sous;
07.06.2022;12:28:02 AM;An;Mo;3;1;75;116.86;76.54;65.49717611;sur;
07.06.2022;12:28:53 AM;An;Mo;3;1;85;105.5;77.53;73.48815166;sur;
07.06.2022;12:29:31 AM;An;Mo;3;1;95;111.96;69.64;62.20078599;sur;
07.06.2022;12:29:51 AM;An;Mo;3;1;105;103.61;80.27;77.47321687;sur;
07.06.2022;12:30:13 AM;An;Mo;3;1;115;127.95;89.48;69.9335678;sur;
07.06.2022;12:30:32 AM;An;Mo;3;1;140;157.66;100.3;63.61791196;sur;
07.06.2022;27.06.2022 00:30;An;Mo;3;1;;119.57;114.5;95.75980597;sur;
07.06.2022;12:34:41 AM;An;Mo;3;2;5;106.04;0.3;0.282912109;;
07.06.2022;12:35:21 AM;An;Mo;3;2;15;140.94;0.31;0.219951753;;
07.06.2022;12:36:01 AM;An;Mo;3;2;25;93.6;0.47;0.502136752;;
07.06.2022;12:36:51 AM;An;Mo;3;2;35;96.03;1.06;1.103821722;;
07.06.2022;12:37:51 AM;An;Mo;3;2;45;131.75;6.88;5.222011385;;
07.06.2022;12:38:21 AM;An;Mo;3;2;55;105.23;39.38;37.42278818;;
07.06.2022;12:38:52 AM;An;Mo;3;2;65;136.02;69.42;51.03661226;;
07.06.2022;12:39:32 AM;An;Mo;3;2;75;121.74;73.5;60.37456875;;
07.06.2022;12:39:51 AM;An;Mo;3;2;85;143.37;66.02;46.04868522;;
07.06.2022;12:40:22 AM;An;Mo;3;2;95;116.32;77.35;66.49759285;;
07.06.2022;12:40:42 AM;An;Mo;3;2;105;116.32;81.07;69.69566713;;
07.06.2022;12:41:12 AM;An;Mo;3;2;115;108.21;95.49;88.24507901;;
07.06.2022;12:41:33 AM;An;Mo;3;2;140;99.25;106.8;107.6070529;;
09.06.2022;;Fe;As;1;1;5;50.37;0.88;1.74707167;sous;
09.06.2022;;Fe;As;1;1;5;48.75;0.9;1.846153846;sous;
09.06.2022;9:56:45 PM;Fe;As;1;1;5;54.17;0.91;1.679896622;sous;
09.06.2022;;Fe;As;1;1;15;46.58;2.73;5.8608845;sous;
09.06.2022;;Fe;As;1;1;15;65.81;2.66;4.041938915;sous;
09.06.2022;9:57:47 PM;Fe;As;1;1;15;58.77;2.68;4.560149736;sous;
09.06.2022;;Fe;As;1;1;25;55.79;1.72;3.082989783;sous;
09.06.2022;;Fe;As;1;1;25;67.98;1.72;2.530155928;sous;
09.06.2022;9:58:36 PM;Fe;As;1;1;25;57.15;1.74;3.044619423;sous;
09.06.2022;;Fe;As;1;1;35;72.31;2.43;3.360531047;sous;
09.06.2022;;Fe;As;1;1;35;72.58;2.27;3.127583356;sous;
09.06.2022;9:59:45 PM;Fe;As;1;1;35;54.44;2.27;4.169728141;sous;
09.06.2022;;Fe;As;1;1;45;70.15;1.33;1.895937277;sous;
09.06.2022;;Fe;As;1;1;45;51.19;1.31;2.559093573;sous;
09.06.2022;;Fe;As;1;1;45;64.46;1.06;1.644430655;sous;
09.06.2022;;Fe;As;1;1;55;55.79;26.08;46.7467288;sur;
09.06.2022;;Fe;As;1;1;55;66.63;26.37;39.57676722;sur;
09.06.2022;10:01:56 PM;Fe;As;1;1;55;59.04;26.04;44.10569106;sur;
09.06.2022;;Fe;As;1;1;65;42.79;35.24;82.35569058;sur;
09.06.2022;;Fe;As;1;1;65;53.9;35.31;65.51020408;sur;
09.06.2022;10:02:36 PM;Fe;As;1;1;65;68.25;34.94;51.19413919;sur;
09.06.2022;;Fe;As;1;1;75;42.79;34.92;81.6078523;sur;
09.06.2022;;Fe;As;1;1;75;49.29;35.17;71.35321566;sur;
09.06.2022;10:03:26 PM;Fe;As;1;1;75;51.46;34.99;67.99455888;sur;
09.06.2022;;Fe;As;1;1;85;62.02;44.19;71.25120929;sur;
09.06.2022;;Fe;As;1;1;85;45.23;36.94;81.671457;sur;
09.06.2022;10:05:17 PM;Fe;As;1;1;85;42.25;37.24;88.14201183;sur;
09.06.2022;;Fe;As;1;1;95;42.52;42.41;99.74129821;sur;
09.06.2022;;Fe;As;1;1;95;47.96;42.05;87.67723103;sur;
09.06.2022;10:06:07 PM;Fe;As;1;1;95;38.46;41.95;109.074363;sur;
09.06.2022;;Fe;As;1;1;105;44.15;37.05;83.9184598;sur;
09.06.2022;;Fe;As;1;1;105;52.54;37.22;70.8412638;sur;
09.06.2022;10:06:46 PM;Fe;As;1;1;105;64.19;37.13;57.84390092;sur;
09.06.2022;;Fe;As;1;1;115;45.77;14.68;32.07341053;sur;
09.06.2022;;Fe;As;1;1;115;56.33;15.03;26.68205219;sur;
09.06.2022;10:07:56 PM;Fe;As;1;1;115;57.69;15.22;26.38238863;sur;
09.06.2022;;Fe;As;1;1;140;53.09;59.12;111.3580712;sur;
09.06.2022;;Fe;As;1;1;140;44.59;59.38;133.1688719;sur;
09.06.2022;10:08:56 PM;Fe;As;1;1;140;54.71;59.82;109.3401572;sur;
09.06.2022;;Fe;As;1;2;5;52;5.36;10.30769231;sous;
09.06.2022;;Fe;As;1;2;5;55.25;5.38;9.737556561;sous;
09.06.2022;10:19:06 PM;Fe;As;1;2;5;66.8;5.35;8.008982036;sous;
09.06.2022;;Fe;As;1;2;15;67.98;1.1;1.618122977;sous;
09.06.2022;;Fe;As;1;2;15;82.61;1.11;1.343662995;sous;
09.06.2022;10:20:25 PM;Fe;As;1;2;15;47.94;1.09;2.273675428;sous;
09.06.2022;;Fe;As;1;2;25;82.34;1.17;1.420937576;sous;
09.06.2022;;Fe;As;1;2;25;73.13;1.18;1.613564884;sous;
09.06.2022;10:21:26 PM;Fe;As;1;2;25;63.11;1.19;1.885596577;sous;
09.06.2022;;Fe;As;1;2;35;60.94;2.9;4.758779127;sous;
09.06.2022;;Fe;As;1;2;35;80.17;2.85;3.55494574;sous;
09.06.2022;10:22:27 PM;Fe;As;1;2;35;75.84;2.83;3.731540084;sous;
09.06.2022;;Fe;As;1;2;45;76.92;0.9;1.170046802;sous;
09.06.2022;;Fe;As;1;2;45;81.53;0.88;1.079357292;sous;
09.06.2022;10:23:15 PM;Fe;As;1;2;45;74.21;0.89;1.199299286;sous;
09.06.2022;;Fe;As;1;2;55;76.38;20.96;27.44173868;sur;
09.06.2022;;Fe;As;1;2;55;78.55;20.94;26.6581795;sur;
09.06.2022;10:24:16 PM;Fe;As;1;2;55;57.15;20.96;36.67541557;sur;
09.06.2022;;Fe;As;1;2;65;78.82;23.51;29.82745496;sur;
09.06.2022;;Fe;As;1;2;65;62.84;23.66;37.65117759;sur;
09.06.2022;10:25:06 PM;Fe;As;1;2;65;69.61;23.65;33.97500359;sur;
09.06.2022;;Fe;As;1;2;75;50.65;45.93;90.68114511;sur;
09.06.2022;;Fe;As;1;2;75;50.11;46.68;93.15505887;sur;
09.06.2022;10:25:56 PM;Fe;As;1;2;75;71.24;46.43;65.17405952;sur;
09.06.2022;;Fe;As;1;2;85;74.22;28.66;38.61492859;sur;
09.06.2022;;Fe;As;1;2;85;65.55;28.49;43.46300534;sur;
09.06.2022;10:27:16 PM;Fe;As;1;2;85;70.97;28.98;40.83415528;sur;
09.06.2022;;Fe;As;1;2;95;75.57;67.24;88.97710732;sur;
09.06.2022;;Fe;As;1;2;95;79.9;67.5;84.48060075;sur;
09.06.2022;10:28:07 PM;Fe;As;1;2;95;76.92;67.79;88.13052522;sur;
09.06.2022;;Fe;As;1;2;105;65.01;75.63;116.3359483;sur;
09.06.2022;;Fe;As;1;2;105;80.18;75.52;94.18807683;sur;
09.06.2022;10:29:06 PM;Fe;As;1;2;105;81.26;74.71;91.93945361;sur;
09.06.2022;;Fe;As;1;2;115;69.07;76.72;111.0757203;sur;
09.06.2022;;Fe;As;1;2;115;49.57;76.63;154.5894694;sur;
09.06.2022;10:31:27 PM;Fe;As;1;2;115;83.42;76.44;91.63270199;sur;
09.06.2022;;Fe;As;1;2;140;68.8;68.13;99.02616279;sur;
09.06.2022;;Fe;As;1;2;140;48.75;73.21;150.174359;sur;
09.06.2022;10:32:06 PM;Fe;As;1;2;140;83.42;77.5;92.90338048;sur;
09.06.2022;;Ma;Mo;2;1;5;94.8;0.34;0.358649789;sous;
09.06.2022;;Ma;Mo;2;1;5;89.38;0.34;0.380398299;sous;
09.06.2022;10:36:15 PM;Ma;Mo;2;1;5;52.82;0.33;0.624763347;sous;
09.06.2022;;Ma;Mo;2;1;15;69.88;0.4;0.572409845;sous;
09.06.2022;;Ma;Mo;2;1;15;91.51;0.41;0.448038466;sous;
09.06.2022;10:37:15 PM;Ma;Mo;2;1;15;76.11;0.4;0.525555118;sous;
09.06.2022;;Ma;Mo;2;1;25;62.57;0.22;0.351606201;sous;
09.06.2022;;Ma;Mo;2;1;25;78.28;0.21;0.268267757;sous;
09.06.2022;10:38:36 PM;Ma;Mo;2;1;25;88.3;0.21;0.237825595;sous;
09.06.2022;;Ma;Mo;2;1;35;95.07;0.62;0.652151047;sous;
09.06.2022;;Ma;Mo;2;1;35;55.8;0.61;1.093189964;sous;
09.06.2022;10:40:05 PM;Ma;Mo;2;1;35;55.53;0.6;1.080497029;sous;
09.06.2022;;Ma;Mo;2;1;45;51.73;5.23;10.11018751;sous;
09.06.2022;;Ma;Mo;2;1;45;74.49;5.06;6.792858102;sous;
09.06.2022;10:40:56 PM;Ma;Mo;2;1;45;87.76;5.03;5.731540565;sous;
09.06.2022;;Ma;Mo;2;1;55;81.26;1.98;2.436623185;sous;
09.06.2022;;Ma;Mo;2;1;55;70.97;2;2.818092152;sous;
09.06.2022;10:41:47 PM;Ma;Mo;2;1;55;88.84;1.99;2.23998199;sous;
09.06.2022;;Ma;Mo;2;1;65;91.28;42.35;46.39570552;sur;
09.06.2022;;Ma;Mo;2;1;65;70.97;42.6;60.02536283;sur;
09.06.2022;10:43:56 PM;Ma;Mo;2;1;65;52.82;43.28;81.9386596;sur;
09.06.2022;;Ma;Mo;2;1;75;93.18;36.9;39.6007727;sur;
09.06.2022;;Ma;Mo;2;1;75;62.03;36.73;59.21328389;sur;
09.06.2022;27.06.2022 22:44;Ma;Mo;2;1;75;57.42;35.51;61.84256357;sur;
09.06.2022;;Ma;Mo;2;1;85;57.15;50.6;88.53893263;sur;
09.06.2022;;Ma;Mo;2;1;85;81.53;50.99;62.54139581;sur;
09.06.2022;22h 45min 35s;Ma;Mo;2;1;85;67.17;50.11;74.60175674;sur;
09.06.2022;;Ma;Mo;2;1;95;73.95;28.61;38.68830291;sur;
09.06.2022;;Ma;Mo;2;1;95;90.47;28.44;31.43583508;sur;
09.06.2022;10:46:26 PM;Ma;Mo;2;1;95;71.78;28.54;39.76037894;sur;
09.06.2022;;Ma;Mo;2;1;105;55.53;40.67;73.23969026;sur;
09.06.2022;;Ma;Mo;2;1;105;90.2;40.26;44.63414634;sur;
09.06.2022;10:47:26 PM;Ma;Mo;2;1;105;84.51;40.08;47.42634008;sur;
09.06.2022;;Ma;Mo;2;1;115;85.05;12.66;14.88536155;sur;
09.06.2022;;Ma;Mo;2;1;115;85.86;12.58;14.65175868;sur;
09.06.2022;10:48:17 PM;Ma;Mo;2;1;115;52.55;12.64;24.05328259;sur;
09.06.2022;;Ma;Mo;2;1;140;55.53;69.88;125.8418873;sur;
09.06.2022;;Ma;Mo;2;1;140;57.97;70.17;121.0453683;sur;
09.06.2022;10:49:06 PM;Ma;Mo;2;1;140;69.07;72.2;104.5316346;sur;
09.06.2022;;Ma;Mo;2;2;5;97.78;0.37;0.378400491;sous;
09.06.2022;;Ma;Mo;2;2;5;64.45;0.37;0.574088441;sous;
09.06.2022;;Ma;Mo;2;2;5;109.7;0.36;0.32816773;sous;
09.06.2022;;Ma;Mo;2;2;15;72.05;0.59;0.818875781;sous;
09.06.2022;;Ma;Mo;2;2;15;95.89;0.6;0.625716967;sous;
09.06.2022;10:52:15 PM;Ma;Mo;2;2;15;80.72;0.59;0.730921705;sous;
09.06.2022;;Ma;Mo;2;2;25;82.89;1.17;1.411509229;sous;
09.06.2022;;Ma;Mo;2;2;25;115.39;1.16;1.00528642;sous;
09.06.2022;10:53:16 PM;Ma;Mo;2;2;25;83.43;1.19;1.426345439;sous;
09.06.2022;;Ma;Mo;2;2;35;96.89;7.39;7.62720611;sous;
09.06.2022;;Ma;Mo;2;2;35;116.48;7.57;6.49896978;sous;
09.06.2022;10:54:26 PM;Ma;Mo;2;2;35;99.68;7.65;7.674558587;sous;
09.06.2022;;Ma;Mo;2;2;45;69.34;30.05;43.33717912;sur;
09.06.2022;;Ma;Mo;2;2;45;95.62;29.94;31.31144112;sur;
09.06.2022;27.06.2022 22:55;Ma;Mo;2;2;45;93.72;29.67;31.6581306;sur;
09.06.2022;;Ma;Mo;2;2;55;102.93;51.42;49.95628097;sur;
09.06.2022;;Ma;Mo;2;2;55;110.79;51.67;46.63778319;sur;
09.06.2022;27.06.2022 22:56;Ma;Mo;2;2;55;116.75;51.61;44.20556745;sur;
09.06.2022;;Ma;Mo;2;2;65;115.12;67.63;58.74739402;sur;
09.06.2022;;Ma;Mo;2;2;65;73.68;66.78;90.63517915;sur;
09.06.2022;10:56:56 PM;Ma;Mo;2;2;65;66.64;67.23;100.8853541;sur;
09.06.2022;;Ma;Mo;2;2;75;111.06;73.53;66.20745543;sur;
09.06.2022;;Ma;Mo;2;2;75;67.72;73.07;107.9001772;sur;
09.06.2022;10:57:36 PM;Ma;Mo;2;2;75;70.16;73.8;105.1881414;sur;
09.06.2022;;Ma;Mo;2;2;85;115.94;80.3;69.25996205;sur;
09.06.2022;;Ma;Mo;2;2;85;74.22;79.9;107.6529237;sur;
09.06.2022;10:58:26 PM;Ma;Mo;2;2;85;109.44;80.42;73.48318713;sur;
09.06.2022;;Ma;Mo;2;2;95;92.91;88.83;95.60865354;sur;
09.06.2022;;Ma;Mo;2;2;95;70.43;88.89;126.2104217;sur;
09.06.2022;10:59:06 PM;Ma;Mo;2;2;95;69.62;88.77;127.5064637;sur;
09.06.2022;;Ma;Mo;2;2;105;115.87;96.17;82.99818762;sur;
09.06.2022;;Ma;Mo;2;2;105;98.6;96.17;97.53549696;sur;
09.06.2022;11:00:07 PM;Ma;Mo;2;2;105;120.81;96.61;79.96854565;sur;
09.06.2022;;Ma;Mo;2;2;115;119.19;102.9;86.33274604;sur;
09.06.2022;;Ma;Mo;2;2;115;100.23;102.7;102.464332;sur;
09.06.2022;11:00:56 PM;Ma;Mo;2;2;115;98.33;102.2;103.9357266;sur;
09.06.2022;;Ma;Mo;2;2;140;72.68;77.68;106.8794717;sur;
09.06.2022;;Ma;Mo;2;2;140;85.06;73.51;86.42134964;sur;
09.06.2022;11:01:36 PM;Ma;Mo;2;2;140;77.47;68.33;88.2018846;sur;
09.06.2022;;Mo;As;1;1;5;71.24;0.4;0.561482313;sous;
09.06.2022;;Mo;As;1;1;5;83.7;0.41;0.489844683;sous;
09.06.2022;11:05:05 PM;Mo;As;1;1;5;66.37;0.4;0.602681935;sous;
09.06.2022;;Mo;As;1;1;15;108.08;0.4;0.370096225;sous;
09.06.2022;;Mo;As;1;1;15;86.14;0.4;0.464360344;sous;
09.06.2022;11:05:56 PM;Mo;As;1;1;15;72.33;0.41;0.566846398;sous;
09.06.2022;;Mo;As;1;1;25;75.04;0.72;0.959488273;sous;
09.06.2022;;Mo;As;1;1;25;111.33;0.72;0.64672595;sous;
09.06.2022;11:06:45 PM;Mo;As;1;1;25;71.52;0.72;1.006711409;sous;
09.06.2022;;Mo;As;1;1;35;78.29;2.92;3.729722825;sur;
09.06.2022;;Mo;As;1;1;35;96.71;2.83;2.926274429;sur;
09.06.2022;11:07:55 PM;Mo;As;1;1;35;69.89;2.95;4.220918586;sur;
09.06.2022;;Mo;As;1;1;45;66.64;4.1;6.152460984;sur;
09.06.2022;;Mo;As;1;1;45;106.19;4.12;3.879838026;sur;
09.06.2022;11:08:46 PM;Mo;As;1;1;45;109.44;4.18;3.819444444;sur;
09.06.2022;;Mo;As;1;1;55;106.46;28.41;26.68607928;sur;
09.06.2022;;Mo;As;1;1;55;86.42;29.18;33.7653321;sur;
09.06.2022;11:09:36 PM;Mo;As;1;1;55;109.44;29.42;26.88230994;sur;
09.06.2022;;Mo;As;1;1;65;93.73;2.96;3.158007042;sur;
09.06.2022;;Mo;As;1;1;65;81.51;2.94;3.606919396;sur;
09.06.2022;11:10:16 PM;Mo;As;1;1;65;88.58;2.92;3.296455182;sur;
09.06.2022;;Mo;As;1;1;75;70.43;14.68;20.8433906;sur;
09.06.2022;;Mo;As;1;1;75;111.88;14.6;13.0496961;sur;
09.06.2022;11:10:55 PM;Mo;As;1;1;75;83.17;14.67;17.6385716;sur;
09.06.2022;;Mo;As;1;1;85;94.27;2.98;3.161132916;sur;
09.06.2022;;Mo;As;1;1;85;85.96;3.06;3.559795254;sur;
09.06.2022;11:12:06 PM;Mo;As;1;1;85;78.83;3.59;4.554103768;sur;
09.06.2022;;Mo;As;1;1;95;67.72;38.74;57.20614294;sur;
09.06.2022;;Mo;As;1;1;95;69.35;38.32;55.25594809;sur;
09.06.2022;11:14:36 PM;Mo;As;1;1;95;76.93;38.47;50.00649942;sur;
09.06.2022;;Mo;As;1;1;105;67.72;5.46;8.06261075;sur;
09.06.2022;;Mo;As;1;1;105;107;5.5;5.140186916;sur;
09.06.2022;11:15:26 PM;Mo;As;1;1;105;96.98;5.38;5.547535574;sur;
09.06.2022;;Mo;As;1;1;115;97.79;60.76;62.13314245;sur;
09.06.2022;;Mo;As;1;1;115;93.73;61.41;65.51797717;sur;
09.06.2022;11:16:16 PM;Mo;As;1;1;115;102.67;61.4;59.80325314;sur;
09.06.2022;;Mo;As;1;1;140;95.9;86.2;89.88529718;sur;
09.06.2022;;Mo;As;1;1;140;91.56;89.29;97.52075142;sur;
09.06.2022;11:16:56 PM;Mo;As;1;1;140;73.68;86.8;117.8067318;sur;
09.06.2022;;Mo;As;1;2;5;107;0.4;0.373831776;sous;
09.06.2022;;Mo;As;1;2;5;95.08;0.45;0.473285654;sous;
09.06.2022;11:20:15 PM;Mo;As;1;2;5;131.38;0.45;0.342517887;sous;
09.06.2022;;Mo;As;1;2;15;151.97;0.91;0.598802395;sous;
09.06.2022;;Mo;As;1;2;15;96.44;0.9;0.933222729;sous;
09.06.2022;11:21:15 PM;Mo;As;1;2;15;137.07;0.89;0.649303276;sous;
09.06.2022;;Mo;As;1;2;25;103.21;1.35;1.308012789;sous;
09.06.2022;;Mo;As;1;2;25;146.28;1.35;0.922887613;sous;
09.06.2022;11:22:06 PM;Mo;As;1;2;25;102.94;1.34;1.301729163;sous;
09.06.2022;;Mo;As;1;2;35;98.88;16.28;16.46440129;sur;
09.06.2022;;Mo;As;1;2;35;147.1;16.31;11.08769545;sur;
09.06.2022;11:23:06 PM;Mo;As;1;2;35;98.34;16.37;16.64632906;sur;
09.06.2022;;Mo;As;1;2;45;138.43;4.95;3.575814491;sur;
09.06.2022;;Mo;As;1;2;45;150.89;5.9;3.91013321;sur;
09.06.2022;11:23:56 PM;Mo;As;1;2;45;131.11;5.44;4.149187705;sur;
09.06.2022;;Mo;As;1;2;55;92.65;2;2.15866163;sur;
09.06.2022;;Mo;As;1;2;55;103.76;2.03;1.956437934;sur;
09.06.2022;11:24:37 PM;Mo;As;1;2;55;154.41;2.02;1.308205427;sur;
09.06.2022;;Mo;As;1;2;65;102.41;24.25;23.67932819;sur;
09.06.2022;;Mo;As;1;2;65;148.45;24.29;16.36241159;sur;
09.06.2022;11:25:26 PM;Mo;As;1;2;65;101.59;24.3;23.91967713;sur;
09.06.2022;;Mo;As;1;2;75;95.36;39.84;41.77852349;sur;
09.06.2022;;Mo;As;1;2;75;95.9;39.17;40.84462982;sur;
09.06.2022;11:26:06 PM;Mo;As;1;2;75;150.62;39.51;26.23157615;sur;
09.06.2022;;Mo;As;1;2;85;125.43;41.77;33.30144304;sur;
09.06.2022;;Mo;As;1;2;85;125.43;41.36;32.97456749;sur;
09.06.2022;28.06.2022 23:26;Mo;As;1;2;85;111.61;41.77;37.42496192;sur;
09.06.2022;;Mo;As;1;2;95;96.98;75.45;77.7995463;sur;
09.06.2022;;Mo;As;1;2;95;152.25;74.53;48.95238095;sur;
09.06.2022;11:28:06 PM;Mo;As;1;2;95;112.42;76.2;67.78153353;sur;
09.06.2022;;Mo;As;1;2;105;153.87;75.11;48.81393384;sur;
09.06.2022;;Mo;As;1;2;105;113.78;76.68;67.39321498;sur;
09.06.2022;11:28:57 PM;Mo;As;1;2;105;152.25;76.6;50.31198686;sur;
09.06.2022;;Mo;As;1;2;115;98.07;119.1;121.4438666;sur;
09.06.2022;;Mo;As;1;2;115;122.18;120.1;98.29759371;sur;
09.06.2022;11:30:06 PM;Mo;As;1;2;115;129.42;118.1;91.25328388;sur;
09.06.2022;;Mo;As;1;2;140;135.18;111.3;82.33466489;sur;
09.06.2022;;Mo;As;1;2;140;111.34;111.6;100.233519;sur;
09.06.2022;11:30:56 PM;Mo;As;1;2;140;129.76;110.8;85.38840937;sur;
09.06.2022;;An;Mo;2;1;5;154.62;0.69;0.446255336;sous;
09.06.2022;;An;Mo;2;1;5;113.78;0.69;0.606433468;sous;
09.06.2022;11:34:25 PM;An;Mo;2;1;5;151.97;0.69;0.454036981;sous;
09.06.2022;;An;Mo;2;1;15;159.56;3.4;2.130859865;sous;
09.06.2022;;An;Mo;2;1;15;134.09;3.4;2.535610411;sous;
09.06.2022;11:35:16 PM;An;Mo;2;1;15;137.62;3.4;2.470571138;sous;
09.06.2022;;An;Mo;2;1;25;144.23;2.33;1.615475283;sous;
09.06.2022;;An;Mo;2;1;25;158.2;2.36;1.491782554;sous;
09.06.2022;11:36:06 PM;An;Mo;2;1;25;145.48;2.35;1.615342315;sous;
09.06.2022;;An;Mo;2;1;35;162.55;13.22;8.13288219;sous;
09.06.2022;;An;Mo;2;1;35;138.71;13.28;9.573931223;sous;
09.06.2022;11:37:26 PM;An;Mo;2;1;35;106.2;13.4;12.61770245;sous;
09.06.2022;;An;Mo;2;1;45;157.67;2.65;1.680725566;sous;
09.06.2022;;An;Mo;2;1;45;111.61;2.67;2.392258758;sous;
09.06.2022;11:38:36 PM;An;Mo;2;1;45;121.37;2.57;2.117491967;sous;
09.06.2022;;An;Mo;2;1;55;94.55;44.05;46.58910629;sous;
09.06.2022;;An;Mo;2;1;55;123.53;43.75;35.41649802;sous;
09.06.2022;11:39:35 PM;An;Mo;2;1;55;133.28;43.39;32.55552221;sous;
09.06.2022;;An;Mo;2;1;65;109.17;70.55;64.62398095;sur;
09.06.2022;;An;Mo;2;1;65;126.51;70.61;55.81376966;sur;
09.06.2022;11:40:26 PM;An;Mo;2;1;65;152.25;68.91;45.26108374;sur;
09.06.2022;;An;Mo;2;1;75;153.6;77.5;50.45572917;sur;
09.06.2022;;An;Mo;2;1;75;105.38;77.9;73.92294553;sur;
09.06.2022;11:41:26 PM;An;Mo;2;1;75;94.27;78.36;83.12294473;sur;
09.06.2022;;An;Mo;2;1;85;131.66;86.68;65.83624487;sur;
09.06.2022;;An;Mo;2;1;85;103.22;85.98;83.2978105;sur;
09.06.2022;11:42:07 PM;An;Mo;2;1;85;110.53;86.2;77.98787659;sur;
09.06.2022;;An;Mo;2;1;95;121.64;96.51;79.34067741;sur;
09.06.2022;;An;Mo;2;1;95;153.34;96.31;62.80813878;sur;
09.06.2022;11:42:56 PM;An;Mo;2;1;95;115.41;96.62;83.71891517;sur;
09.06.2022;;An;Mo;2;1;105;159.57;106.8;66.92987404;sur;
09.06.2022;;An;Mo;2;1;105;126.79;107.8;85.02247811;sur;
09.06.2022;11:43:36 PM;An;Mo;2;1;105;135.73;105.7;77.8751934;sur;
09.06.2022;;An;Mo;2;1;115;132.21;119.3;90.23523183;sur;
09.06.2022;;An;Mo;2;1;115;120.29;117.3;97.51434034;sur;
09.06.2022;11:44:16 PM;An;Mo;2;1;115;157.13;120.1;76.43352638;sur;
09.06.2022;;An;Mo;2;1;140;147.92;129.5;87.54732288;sur;
09.06.2022;;An;Mo;2;1;140;87.51;130.2;148.7829962;sur;
09.06.2022;11:45:07 PM;An;Mo;2;1;140;108.1;101;93.4320074;sur;
09.06.2022;;An;Mo;2;2;5;128.95;0.68;0.527336177;sous;
09.06.2022;;An;Mo;2;2;5;120.28;0.68;0.565347522;sous;
09.06.2022;11:49:45 PM;An;Mo;2;2;5;91.03;0.69;0.757991871;sous;
09.06.2022;;An;Mo;2;2;15;125.97;1.12;0.88910058;sous;
09.06.2022;;An;Mo;2;2;15;103.76;1.11;1.069776407;sous;
09.06.2022;11:50:36 PM;An;Mo;2;2;15;121.91;1.1;0.902304979;sous;
09.06.2022;;An;Mo;2;2;25;82.9;0.48;0.579010856;sous;
09.06.2022;;An;Mo;2;2;25;134.64;0.49;0.363933452;sous;
09.06.2022;11:51:26 PM;An;Mo;2;2;25;102.68;0.47;0.457732762;sous;
09.06.2022;;An;Mo;2;2;35;113.24;6.58;5.810667609;sous;
09.06.2022;;An;Mo;2;2;35;119.2;5.75;4.823825503;sous;
09.06.2022;11:52:26 PM;An;Mo;2;2;35;91.57;1.86;2.031232937;sous;
09.06.2022;;An;Mo;2;2;45;83.17;2.68;3.222315739;sous;
09.06.2022;;An;Mo;2;2;45;109.99;2.56;2.327484317;sous;
09.06.2022;11:53:35 PM;An;Mo;2;2;45;127.3;2.56;2.010997643;sous;
09.06.2022;;An;Mo;2;2;55;84.25;2.17;2.575667656;sous;
09.06.2022;;An;Mo;2;2;55;89.76;2.08;2.317290553;sous;
09.06.2022;11:54:26 PM;An;Mo;2;2;55;109.18;2.04;1.86847408;sous;
09.06.2022;;An;Mo;2;2;65;108.91;58;53.25498118;sous;
09.06.2022;;An;Mo;2;2;65;128.14;58;45.2629936;sous;
09.06.2022;11:55:07 PM;An;Mo;2;2;65;111.61;65.09;58.31914703;sous;
09.06.2022;;An;Mo;2;2;75;124.35;70.09;56.36509851;sur;
09.06.2022;;An;Mo;2;2;75;107.01;60.34;56.38725353;sur;
09.06.2022;11:56:16 PM;An;Mo;2;2;75;126.51;59.74;47.22156351;sur;
09.06.2022;;An;Mo;2;2;85;116.22;82.3;70.8139735;sur;
09.06.2022;;An;Mo;2;2;85;83.71;83.6;99.86859396;sur;
09.06.2022;11:57:06 PM;An;Mo;2;2;85;126.06;82.79;65.67507536;sur;
09.06.2022;;An;Mo;2;2;95;90.76;61.22;67.4526223;sur;
09.06.2022;;An;Mo;2;2;95;121.91;60.57;49.68419326;sur;
09.06.2022;11:57:46 PM;An;Mo;2;2;95;79.65;60.68;76.18330195;sur;
09.06.2022;;An;Mo;2;2;105;91.57;64.88;70.85289942;sur;
09.06.2022;;An;Mo;2;2;105;107.01;65.01;60.75133165;sur;
09.06.2022;11:58:47 PM;An;Mo;2;2;105;127.06;64.63;50.86573272;sur;
09.06.2022;;An;Mo;2;2;115;109.45;103.2;94.28962997;sur;
09.06.2022;;An;Mo;2;2;115;124.62;102.2;82.0093083;sur;
09.06.2022;11:59:36 PM;An;Mo;2;2;115;84.8;102.3;120.6367925;sur;
09.06.2022;;An;Mo;2;2;140;95.63;100.4;104.9879745;sur;
09.06.2022;;An;Mo;2;2;140;96.72;101.6;105.0454921;sur;
09.06.2022;12:00:16 AM;An;Mo;2;2;140;112.7;104.8;92.99023957;sur;
09.06.2022;;An;As;1;1;5;63.67;0.66;1.036594943;sous;
09.06.2022;;An;As;1;1;5;76.4;0.64;0.837696335;sous;
09.06.2022;12:04:56 AM;An;As;1;1;5;108.37;0.67;0.618252284;sous;
09.06.2022;;An;As;1;1;15;97.53;0.72;0.738234389;sous;
09.06.2022;;An;As;1;1;15;97.8;0.69;0.705521472;sous;
09.06.2022;12:05:46 AM;An;As;1;1;15;102.41;0.71;0.693291671;sous;
09.06.2022;;An;As;1;1;25;105.39;0.23;0.218237024;sous;
09.06.2022;;An;As;1;1;25;62.85;0.25;0.397772474;sous;
09.06.2022;12:06:45 AM;An;As;1;1;25;98.35;0.24;0.244026436;sous;
09.06.2022;;An;As;1;1;35;97.26;9.69;9.962985811;sur;
09.06.2022;;An;As;1;1;35;78.57;10.04;12.77841415;sur;
09.06.2022;12:07:46 AM;An;As;1;1;35;63.84;10.1;15.82080201;sur;
09.06.2022;;An;As;1;1;45;94.55;1.84;1.946060286;sur;
09.06.2022;;An;As;1;1;45;66.92;1.96;2.928870293;sur;
09.06.2022;12:08:46 AM;An;As;1;1;45;106.74;1.9;1.780026232;sur;
09.06.2022;;An;As;1;1;55;63.94;26.71;41.77353769;sur;
09.06.2022;;An;As;1;1;55;107.83;26.69;24.75192433;sur;
09.06.2022;12:10:06 AM;An;As;1;1;55;94.82;26.65;28.10588483;sur;
09.06.2022;;An;As;1;1;65;68.54;37.42;54.59585643;sur;
09.06.2022;;An;As;1;1;65;103.22;37.43;36.26235226;sur;
09.06.2022;12:11:16 AM;An;As;1;1;65;75.32;37.24;49.44237918;sur;
09.06.2022;;An;As;1;1;75;62.94;64.77;102.907531;sur;
09.06.2022;;An;As;1;1;75;92.11;67.75;73.55336011;sur;
09.06.2022;12:11:56 AM;An;As;1;1;75;91.57;64.55;70.49251938;sur;
09.06.2022;;An;As;1;1;85;100.24;66.06;65.90183559;sur;
09.06.2022;;An;As;1;1;85;101.05;65.98;65.29440871;sur;
09.06.2022;12:12:47 AM;An;As;1;1;85;107.83;65.57;60.80868033;sur;
09.06.2022;;An;As;1;1;95;92.11;58.6;63.61958528;sur;
09.06.2022;;An;As;1;1;95;107.01;58.26;54.44350995;sur;
09.06.2022;12:13:37 AM;An;As;1;1;95;107.84;58.01;53.79265579;sur;
09.06.2022;;An;As;1;1;105;77.48;60.85;78.53639649;sur;
09.06.2022;;An;As;1;1;105;63.13;61.27;97.05369872;sur;
09.06.2022;12:14:26 AM;An;As;1;1;105;107.56;61.37;57.05652659;sur;
09.06.2022;;An;As;1;1;115;107.29;83.04;77.39770715;sur;
09.06.2022;;An;As;1;1;115;81.55;82.44;101.091355;sur;
09.06.2022;12:15:06 AM;An;As;1;1;115;89.68;82.57;92.07181088;sur;
09.06.2022;;An;As;1;1;120;61.77;85.56;138.5138417;sur;
09.06.2022;;An;As;1;1;120;103.76;85.61;82.5077101;sur;
09.06.2022;12:15:56 AM;An;As;1;1;120;65.02;86.12;132.4515534;sur;
09.06.2022;;An;As;1;1;140;60.96;85.89;140.8956693;sur;
09.06.2022;;An;As;1;1;140;72.07;84.6;117.3858748;sur;
09.06.2022;12:17:46 AM;An;As;1;1;140;62.85;81.62;129.8647574;sur;
09.06.2022;;An;As;1;2;5;105.66;0.52;0.492144615;sous;
09.06.2022;;An;As;1;2;5;81.55;0.54;0.662170448;sous;
09.06.2022;12:21:06 AM;An;As;1;2;5;92.66;0.55;0.593567883;sous;
09.06.2022;;An;As;1;2;15;116.77;0.67;0.573777511;sous;
09.06.2022;;An;As;1;2;15;123.82;0.66;0.53303182;sous;
09.06.2022;12:22:26 AM;An;As;1;2;15;117.31;0.64;0.545563038;sous;
09.06.2022;;An;As;1;2;25;123.81;1.25;1.009611501;sous;
09.06.2022;;An;As;1;2;25;99.17;1.41;1.421800948;sous;
09.06.2022;12:23:16 AM;An;As;1;2;25;86.42;1.25;1.446424439;sous;
09.06.2022;;An;As;1;2;35;80.19;1.03;1.284449433;sous;
09.06.2022;;An;As;1;2;35;75.05;0.83;1.10592938;sous;
09.06.2022;12:24:16 AM;An;As;1;2;35;102.41;0.93;0.908114442;sous;
09.06.2022;;An;As;1;2;45;76.13;1.2;1.576251149;sur;
09.06.2022;;An;As;1;2;45;54.35;1.2;2.207911684;sur;
09.06.2022;12:25:06 AM;An;As;1;2;45;109.18;1.2;1.0991024;sur;
09.06.2022;;An;As;1;2;55;121.75;8.6;7.063655031;sur;
09.06.2022;;An;As;1;2;55;93.47;8.49;9.083128276;sur;
09.06.2022;12:26:05 AM;An;As;1;2;55;89.64;8.51;9.493529674;sur;
09.06.2022;;An;As;1;2;65;112.7;17.64;15.65217391;sur;
09.06.2022;;An;As;1;2;65;117.58;17.69;15.04507569;sur;
09.06.2022;12:26:56 AM;An;As;1;2;65;76.13;17.64;23.1708919;sur;
09.06.2022;;An;As;1;2;75;79.38;34.55;43.52481733;sur;
09.06.2022;;An;As;1;2;75;107.56;34.98;32.52138341;sur;
09.06.2022;12:27:36 AM;An;As;1;2;75;76.13;34.25;44.98883489;sur;
09.06.2022;;An;As;1;2;85;117.58;34.01;28.92498724;sur;
09.06.2022;;An;As;1;2;85;121.1;33.94;28.02642444;sur;
09.06.2022;12:28:26 AM;An;As;1;2;85;79.61;33.52;42.10526316;sur;
09.06.2022;;An;As;1;2;95;104.85;70.36;67.10538865;sur;
09.06.2022;;An;As;1;2;95;82.09;70.03;85.30880741;sur;
09.06.2022;12:29:06 AM;An;As;1;2;95;88.05;69.59;79.03463941;sur;
09.06.2022;;An;As;1;2;105;100.51;78.19;77.7932544;sur;
09.06.2022;;An;As;1;2;105;111.35;77.63;69.71710822;sur;
09.06.2022;12:29:56 AM;An;As;1;2;105;79.92;77.57;97.05955956;sur;
09.06.2022;;An;As;1;2;115;98.62;103.8;105.2524843;sur;
09.06.2022;;An;As;1;2;115;118.94;103.6;87.10274088;sur;
09.06.2022;12:30:56 AM;An;As;1;2;115;120.02;103.2;85.98566906;sur;
09.06.2022;;An;As;1;2;140;110.27;107.2;97.21592455;sur;
09.06.2022;;An;As;1;2;140;123.27;107.6;87.28806685;sur;
09.06.2022;12:31:36 AM;An;As;1;2;140;97.24;102.4;105.3064582;sur;
09.06.2022;;Fe;Mo;3;1;5;62.31;0.57;0.914780934;sous;
09.06.2022;;Fe;Mo;3;1;5;89.95;0.57;0.633685381;sous;
09.06.2022;12:34:46 AM;Fe;Mo;3;1;5;79.91;0.58;0.725816544;sous;
09.06.2022;;Fe;Mo;3;1;15;76.94;0.67;0.870808422;sous;
09.06.2022;;Fe;Mo;3;1;15;97.26;0.64;0.658030023;sous;
09.06.2022;12:35:36 AM;Fe;Mo;3;1;15;58.25;0.66;1.13304721;sous;
09.06.2022;;Fe;Mo;3;1;25;89.41;1.58;1.767140141;sous;
09.06.2022;;Fe;Mo;3;1;25;92.12;1.61;1.747720365;sous;
09.06.2022;12:36:25 AM;Fe;Mo;3;1;25;79.65;1.58;1.983678594;sous;
09.06.2022;;Fe;Mo;3;1;35;84.26;0.83;0.985046285;sous;
09.06.2022;;Fe;Mo;3;1;35;91.84;0.86;0.93641115;sous;
09.06.2022;12:39:25 AM;Fe;Mo;3;1;35;57.71;0.85;1.47288165;sous;
09.06.2022;;Fe;Mo;3;1;45;95.64;0.5;0.52279381;sous;
09.06.2022;;Fe;Mo;3;1;45;68.54;0.5;0.729501021;sous;
09.06.2022;12:40:26 AM;Fe;Mo;3;1;45;84.53;0.5;0.591505974;sous;
09.06.2022;;Fe;Mo;3;1;55;92.66;11.61;12.52967839;sous;
09.06.2022;;Fe;Mo;3;1;55;61.23;11.5;18.78164299;sous;
09.06.2022;12:44:06 AM;Fe;Mo;3;1;55;66.45;11.5;17.3062453;sous;
09.06.2022;;Fe;Mo;3;1;65;87.24;67.6;77.4873911;sur;
09.06.2022;;Fe;Mo;3;1;65;75.32;67.7;89.88316516;sur;
09.06.2022;12:44:57 AM;Fe;Mo;3;1;65;59.3;66.68;112.4451939;sur;
09.06.2022;;Fe;Mo;3;1;75;91.84;72.85;79.32273519;sur;
09.06.2022;;Fe;Mo;3;1;75;66.12;73.1;110.5565638;sur;
09.06.2022;12:45:56 AM;Fe;Mo;3;1;75;57.17;73.4;128.3890152;sur;
09.06.2022;;Fe;Mo;3;1;85;85.88;78.5;91.40661388;sur;
09.06.2022;;Fe;Mo;3;1;85;91.84;78.6;85.58362369;sur;
09.06.2022;12:46:36 AM;Fe;Mo;3;1;85;65.02;78.2;120.2706859;sur;
09.06.2022;;Fe;Mo;3;1;95;69.63;79.47;114.1318397;sur;
09.06.2022;;Fe;Mo;3;1;95;95.09;78.81;82.87937743;sur;
09.06.2022;12:47:26 AM;Fe;Mo;3;1;95;72.15;78.37;108.6209286;sur;
09.06.2022;;Fe;Mo;3;1;105;83.17;81.09;97.49909823;sur;
09.06.2022;;Fe;Mo;3;1;105;73.86;81.86;110.8313025;sur;
09.06.2022;12:48:27 AM;Fe;Mo;3;1;105;77.21;81.96;106.1520528;sur;
09.06.2022;;Fe;Mo;3;1;115;70.71;80.44;113.7604299;sur;
09.06.2022;;Fe;Mo;3;1;115;66.65;80.91;121.3953488;sur;
09.06.2022;12:49:06 AM;Fe;Mo;3;1;115;63.4;81.1;127.9179811;sur;
09.06.2022;;Fe;Mo;3;1;140;95.91;91.33;95.22468981;sur;
09.06.2022;;Fe;Mo;3;1;140;56.9;89.59;157.4516696;sur;
09.06.2022;12:49:46 AM;Fe;Mo;3;1;140;92.39;84.15;91.08128585;sur;
09.06.2022;;Fe;Mo;3;2;5;109.46;0.95;0.867896949;sous;
09.06.2022;;Fe;Mo;3;2;5;107.57;0.94;0.873849586;sous;
09.06.2022;12:52:35 AM;Fe;Mo;3;2;5;128.96;0.95;0.736662531;sous;
09.06.2022;;Fe;Mo;3;2;15;110.54;0.81;0.732766419;sous;
09.06.2022;;Fe;Mo;3;2;15;132.49;0.82;0.618914635;sous;
09.06.2022;12:53:26 AM;Fe;Mo;3;2;15;78.3;0.8;1.021711367;sous;
09.06.2022;;Fe;Mo;3;2;25;81.28;1.08;1.328740157;sous;
09.06.2022;;Fe;Mo;3;2;25;128.42;1.06;0.825416602;sous;
09.06.2022;12:54:16 AM;Fe;Mo;3;2;25;112.44;1.06;0.942725009;sous;
09.06.2022;;Fe;Mo;3;2;35;121.92;1.34;1.099081365;sous;
09.06.2022;;Fe;Mo;3;2;35;87.78;1.31;1.492367282;sous;
09.06.2022;12:55:16 AM;Fe;Mo;3;2;35;83.18;1.32;1.586919933;sous;
09.06.2022;;Fe;Mo;3;2;45;134.38;28.54;21.23827951;sous;
09.06.2022;;Fe;Mo;3;2;45;104.04;28.81;27.69127259;sous;
09.06.2022;12:56:36 AM;Fe;Mo;3;2;45;125.44;29.44;23.46938776;sous;
09.06.2022;;Fe;Mo;3;2;55;107.83;17.04;15.80265232;sous;
09.06.2022;;Fe;Mo;3;2;55;136.01;16.82;12.36673774;sous;
09.06.2022;;Fe;Mo;3;2;55;92.93;16.85;18.13192726;sous;
09.06.2022;;Fe;Mo;3;2;65;79.65;76.4;95.91964846;sur;
09.06.2022;;Fe;Mo;3;2;65;109.73;76.4;69.62544427;sur;
09.06.2022;12:57:57 AM;Fe;Mo;3;2;65;129.24;76.64;59.30052615;sur;
09.06.2022;;Fe;Mo;3;2;75;125.44;77.27;61.59917092;sur;
09.06.2022;;Fe;Mo;3;2;75;105.39;76.9;72.96707468;sur;
09.06.2022;12:58:36 AM;Fe;Mo;3;2;75;102.95;76.27;74.08450704;sur;
09.06.2022;;Fe;Mo;3;2;85;89.41;82.1;91.82418074;sur;
09.06.2022;;Fe;Mo;3;2;85;74.78;81.71;109.2671837;sur;
09.06.2022;12:59:16 AM;Fe;Mo;3;2;85;76.13;81.63;107.2244844;sur;
09.06.2022;;Fe;Mo;3;2;95;107.02;89.44;83.57316389;sur;
09.06.2022;;Fe;Mo;3;2;95;125.98;87.84;69.72535323;sur;
09.06.2022;12:59:56 AM;Fe;Mo;3;2;95;125.98;89.6;71.12240038;sur;
09.06.2022;;Fe;Mo;3;2;105;79.92;92.62;115.8908909;sur;
09.06.2022;;Fe;Mo;3;2;105;124.63;92.36;74.10735778;sur;
09.06.2022;1:00:36 AM;Fe;Mo;3;2;105;84.31;91.61;108.6585221;sur;
09.06.2022;;Fe;Mo;3;2;115;78.57;87.58;111.4674812;sur;
09.06.2022;;Fe;Mo;3;2;115;113.25;86.67;76.52980132;sur;
09.06.2022;1:02:06 AM;Fe;Mo;3;2;115;96.91;86.46;89.21679909;sur;
09.06.2022;;Fe;Mo;3;2;140;113.52;95.9;84.47850599;sur;
09.06.2022;;Fe;Mo;3;2;140;105.66;96.16;91.00889646;sur;
09.06.2022;1:03:36 AM;Fe;Mo;3;2;140;77.48;97.73;126.135777;sur;
09.06.2022;;Fe;As;2;1;5;108.65;0.92;0.846755637;sous;sous
09.06.2022;;Fe;As;2;1;5;132.49;0.97;0.732130727;sous;sous
09.06.2022;1:08:55 AM;Fe;As;2;1;5;80.2;0.96;1.197007481;sous;sous
09.06.2022;;Fe;As;2;1;15;91.04;0.86;0.944639719;sous;sous
09.06.2022;;Fe;As;2;1;15;131.41;0.85;0.64683053;sous;sous
09.06.2022;1:09:55 AM;Fe;As;2;1;15;109.73;0.85;0.774628634;sous;sous
09.06.2022;;Fe;As;2;1;25;117.59;0.63;0.535759844;sous;sous
09.06.2022;;Fe;As;2;1;25;124.36;0.64;0.514634931;sous;sous
09.06.2022;1:11:05 AM;Fe;As;2;1;25;107.02;0.65;0.60736311;sous;sous
09.06.2022;;Fe;As;2;1;35;107.56;0.91;0.84603942;sous;sous
09.06.2022;;Fe;As;2;1;35;104.85;0.9;0.858369099;sous;sous
09.06.2022;1:12:15 AM;Fe;As;2;1;35;119.75;0.9;0.751565762;sous;sous
09.06.2022;;Fe;As;2;1;45;133.03;1.59;1.195219124;sous;sous
09.06.2022;;Fe;As;2;1;45;134.93;1.67;1.237678796;sous;sous
09.06.2022;1:13:05 AM;Fe;As;2;1;45;97;1.38;1.422680412;sous;sous
09.06.2022;;Fe;As;2;1;55;118.67;3.58;3.016769192;sous;sous
09.06.2022;;Fe;As;2;1;55;128.97;4.3;3.334108707;sous;sous
09.06.2022;1:13:46 AM;Fe;As;2;1;55;101.6;4.11;4.045275591;sous;sous
09.06.2022;;Fe;As;2;1;65;124.36;19.09;15.35059505;sur;sous
09.06.2022;;Fe;As;2;1;65;131.95;19.74;14.9602122;sur;sous
09.06.2022;1:14:45 AM;Fe;As;2;1;65;128.42;20.16;15.69848933;sur;sous
09.06.2022;;Fe;As;2;1;75;108.1;69.01;63.83903793;sur;sous
09.06.2022;;Fe;As;2;1;75;130.32;68.68;52.70104359;sur;sous
09.06.2022;1:15:26 AM;Fe;As;2;1;75;91.31;65.75;72.00744716;sur;sous
09.06.2022;;Fe;As;2;1;85;115.96;76.8;66.22973439;sur;sous
09.06.2022;;Fe;As;2;1;85;100.52;76.35;75.95503382;sur;sous
09.06.2022;1:16:07 AM;Fe;As;2;1;85;132.49;76.48;57.72511133;sur;sous
09.06.2022;;Fe;As;2;1;95;89.95;89.01;98.95497499;sur;sur
09.06.2022;;Fe;As;2;1;95;132.22;88.58;66.99440327;sur;sur
09.06.2022;1:17:07 AM;Fe;As;2;1;95;117.58;89.22;75.88025174;sur;sur
09.06.2022;;Fe;As;2;1;105;113.23;96.95;85.62218493;sur;sur
09.06.2022;;Fe;As;2;1;105;107.02;94.51;88.31059615;sur;sur
09.06.2022;1:18:06 AM;Fe;As;2;1;105;103.77;95.26;91.79917124;sur;sur
09.06.2022;;Fe;As;2;1;115;118.94;99.37;83.54632588;sur;sur
09.06.2022;;Fe;As;2;1;115;104.31;100.5;96.34742594;sur;sur
09.06.2022;1:18:47 AM;Fe;As;2;1;115;120.84;100.6;83.25057928;sur;sur
09.06.2022;;Fe;As;2;1;140;95.37;88.45;92.74404949;sur;sur
09.06.2022;;Fe;As;2;1;140;100.25;88.27;88.04987531;sur;sur
09.06.2022;1:19:26 AM;Fe;As;2;1;140;85.62;85.51;99.87152534;sur;sur
09.06.2022;;Fe;As;2;2;5;102.41;1.42;1.386583341;sous;sous
09.06.2022;;Fe;As;2;2;5;139.53;1.38;0.989034616;sous;sous
09.06.2022;1:23:06 AM;Fe;As;2;2;5;84.26;0.21;0.249228578;sous;sous
09.06.2022;;Fe;As;2;2;15;141.97;5.44;3.83179545;sous;sous
09.06.2022;;Fe;As;2;2;15;142;5.44;3.830985915;sous;sous
09.06.2022;1:23:57 AM;Fe;As;2;2;15;114.06;5.4;4.734350342;sous;sous
09.06.2022;;Fe;As;2;2;25;140.62;3.36;2.38941829;sous;sous
09.06.2022;;Fe;As;2;2;25;119.48;3.32;2.778707734;sous;sous
09.06.2022;1:24:45 AM;Fe;As;2;2;25;107.83;3.32;3.078920523;sous;sous
09.06.2022;;Fe;As;2;2;35;108.64;2.42;2.227540501;sous;sous
09.06.2022;;Fe;As;2;2;35;87.24;2.36;2.70518111;sous;sous
09.06.2022;1:25:36 AM;Fe;As;2;2;35;92.12;2.36;2.561875814;sous;sous
09.06.2022;;Fe;As;2;2;45;93.47;1.61;1.7224778;sous;sous
09.06.2022;;Fe;As;2;2;45;105.94;1.82;1.717953559;sous;sous
09.06.2022;1:26:35 AM;Fe;As;2;2;45;121.94;1.67;1.369525996;sous;sous
09.06.2022;;Fe;As;2;2;55;83.16;38.82;46.68109668;sur;sous
09.06.2022;;Fe;As;2;2;55;103.23;38.47;37.26629856;sur;sous
09.06.2022;1:27:26 AM;Fe;As;2;2;55;106.48;38.48;36.13824192;sur;sous
09.06.2022;;Fe;As;2;2;65;107.02;52.79;49.32722856;sur;sous
09.06.2022;;Fe;As;2;2;65;92.39;52.95;57.31139734;sur;sous
09.06.2022;1:28:25 AM;Fe;As;2;2;65;84.51;53.32;63.09312507;sur;sous
09.06.2022;;Fe;As;2;2;75;125.72;60.54;48.15462934;sur;sur
09.06.2022;;Fe;As;2;2;75;98.35;60.28;61.29130656;sur;sur
09.06.2022;1:29:16 AM;Fe;As;2;2;75;82.64;61.06;73.88673766;sur;sur
09.06.2022;;Fe;As;2;2;85;137.64;70.36;51.1188608;sur;sur
09.06.2022;;Fe;As;2;2;85;95.92;70.72;73.72810676;sur;sur
09.06.2022;1:29:56 AM;Fe;As;2;2;85;92.39;70.88;76.71825955;sur;sur
09.06.2022;;Fe;As;2;2;95;114.88;75.87;66.0428273;sur;sur
09.06.2022;;Fe;As;2;2;95;116.78;76.98;65.91882172;sur;sur
09.06.2022;1:30:37 AM;Fe;As;2;2;95;94.29;76.09;80.69784707;sur;sur
09.06.2022;;Fe;As;2;2;105;85.62;91.7;107.1011446;sur;sur
09.06.2022;;Fe;As;2;2;105;135.74;91.78;67.61455724;sur;sur
09.06.2022;1:31:16 AM;Fe;As;2;2;105;106.48;91.62;86.04432757;sur;sur
09.06.2022;;Fe;As;2;2;115;124.9;92.82;74.31545236;sur;sur
09.06.2022;;Fe;As;2;2;115;123.82;92.52;74.72136973;sur;sur
09.06.2022;1:31:56 AM;Fe;As;2;2;115;136.01;92.07;67.69355194;sur;sur
09.06.2022;;Fe;As;2;2;140;101.6;92.07;90.62007874;sur;sur
09.06.2022;;Fe;As;2;2;140;92.93;127.7;137.4152588;sur;sur
09.06.2022;1:32:37 AM;Fe;As;2;2;140;129.51;126;97.28978457;sur;sur
09.06.2022;;Ma;Mo;3;1;5;185.6;0.99;0.533405172;sous;
09.06.2022;;Ma;Mo;3;1;5;185.87;0.99;0.532630333;sous;
09.06.2022;1:35:46 AM;Ma;Mo;3;1;5;119.76;1.02;0.851703407;sous;
09.06.2022;;Ma;Mo;3;1;15;188.31;0.88;0.467314535;sous;
09.06.2022;;Ma;Mo;3;1;15;176.11;0.87;0.494009426;sous;
09.06.2022;1:36:56 AM;Ma;Mo;3;1;15;116.5;0.86;0.738197425;sous;
09.06.2022;;Ma;Mo;3;1;25;180.45;0.45;0.249376559;sous;
09.06.2022;;Ma;Mo;3;1;25;118.76;0.44;0.370495116;sous;
09.06.2022;1:37:46 AM;Ma;Mo;3;1;25;176.38;0.45;0.255130967;sous;
09.06.2022;;Ma;Mo;3;1;35;189.93;2.16;1.137261096;sous;
09.06.2022;;Ma;Mo;3;1;35;119.49;2.12;1.774207047;sous;
09.06.2022;1:39:26 AM;Ma;Mo;3;1;35;121.66;2.15;1.767220122;sous;
09.06.2022;;Ma;Mo;3;1;45;166.91;29.3;17.55437062;sous;
09.06.2022;;Ma;Mo;3;1;45;177.2;27.16;15.32731377;sous;
09.06.2022;1:40:06 AM;Ma;Mo;3;1;45;130.33;24.22;18.58359549;sous;
09.06.2022;;Ma;Mo;3;1;55;143.88;63.34;44.02279678;sur;
09.06.2022;;Ma;Mo;3;1;55;187.5;61.71;32.912;sur;
09.06.2022;1:40:56 AM;Ma;Mo;3;1;55;163.11;63.14;38.71007296;sur;
09.06.2022;;Ma;Mo;3;1;65;124.1;74.08;59.69379533;sur;
09.06.2022;;Ma;Mo;3;1;65;118.68;73.98;62.33569262;sur;
09.06.2022;1:41:46 AM;Ma;Mo;3;1;65;154.98;73.84;47.6448574;sur;
09.06.2022;;Ma;Mo;3;1;75;160.4;81.53;50.82917706;sur;
09.06.2022;;Ma;Mo;3;1;75;118.4;81.94;69.20608108;sur;
09.06.2022;1:42:37 AM;Ma;Mo;3;1;75;156.07;81.24;52.05356571;sur;
09.06.2022;;Ma;Mo;3;1;85;127.62;90.94;71.25842344;sur;
09.06.2022;;Ma;Mo;3;1;85;114.07;89.59;78.53949329;sur;
09.06.2022;1:43:37 AM;Ma;Mo;3;1;85;163.65;90.44;55.26428353;sur;
09.06.2022;;Ma;Mo;3;1;95;121.93;96.37;79.03715246;sur;
09.06.2022;;Ma;Mo;3;1;95;115.61;96.62;83.57408529;sur;
09.06.2022;1:44:17 AM;Ma;Mo;3;1;95;173.68;96.68;55.66559189;sur;
09.06.2022;;Ma;Mo;3;1;105;182.89;112.3;61.40302914;sur;
09.06.2022;;Ma;Mo;3;1;105;113.8;113.5;99.73637961;sur;
09.06.2022;28.06.2022 01:44;Ma;Mo;3;1;105;140.35;112.9;80.44175276;sur;
09.06.2022;;Ma;Mo;3;1;115;140.62;117.6;83.62964016;sur;
09.06.2022;;Ma;Mo;3;1;115;180.88;118.2;65.34719151;sur;
09.06.2022;1:46:37 AM;Ma;Mo;3;1;115;157.15;118;75.08749602;sur;
09.06.2022;;Ma;Mo;3;1;140;154.17;149.6;97.03573977;sur;
09.06.2022;;Ma;Mo;3;1;140;180.18;148.5;82.41758242;sur;
09.06.2022;1:47:17 AM;Ma;Mo;3;1;140;111.36;148.7;133.5308908;sur;
09.06.2022;;Ma;Mo;3;2;5;178.29;1.28;0.71793146;sous;
09.06.2022;;Ma;Mo;3;2;5;134.93;1.27;0.941228785;sous;
09.06.2022;1:50:07 AM;Ma;Mo;3;2;5;117.32;1.34;1.142175247;sous;
09.06.2022;;Ma;Mo;3;2;15;154.44;0.555;0.359362859;sous;
09.06.2022;;Ma;Mo;3;2;15;137.91;0.52;0.377057501;sous;
09.06.2022;1:51:15 AM;Ma;Mo;3;2;15;179.61;0.54;0.300651411;sous;
09.06.2022;;Ma;Mo;3;2;25;148.48;0.88;0.592672414;sous;
09.06.2022;;Ma;Mo;3;2;25;118.68;0.86;0.724637681;sous;
09.06.2022;1:52:06 AM;Ma;Mo;3;2;25;131.41;0.87;0.662050072;sous;
09.06.2022;;Ma;Mo;3;2;35;115.97;15.86;13.67595068;sous;
09.06.2022;;Ma;Mo;3;2;35;179.35;15.9;8.865347087;sous;
09.06.2022;1:53:25 AM;Ma;Mo;3;2;35;154.98;15.77;10.17550652;sous;
09.06.2022;;Ma;Mo;3;2;45;114.61;1.11;0.968501876;sous;
09.06.2022;;Ma;Mo;3;2;45;110;1.46;1.327272727;sous;
09.06.2022;1:54:06 AM;Ma;Mo;3;2;45;158.67;1.27;0.800403353;sous;
09.06.2022;;Ma;Mo;3;2;55;136.83;10.25;7.491047285;sous;
09.06.2022;;Ma;Mo;3;2;55;110.55;7.15;6.467661692;sous;
09.06.2022;1:54:56 AM;Ma;Mo;3;2;55;109.73;5.37;4.893830311;sous;
09.06.2022;;Ma;Mo;3;2;65;154.17;73.99;47.99247584;sur;
09.06.2022;;Ma;Mo;3;2;65;176.93;73.25;41.40055389;sur;
09.06.2022;1:55:56 AM;Ma;Mo;3;2;65;176.11;73.37;41.66146159;sur;
09.06.2022;;Ma;Mo;3;2;75;128.97;81;62.80530356;sur;
09.06.2022;;Ma;Mo;3;2;75;149.02;80.7;54.15380486;sur;
09.06.2022;1:56:36 AM;Ma;Mo;3;2;75;108.92;81.27;74.61439589;sur;
09.06.2022;;Ma;Mo;3;2;85;176.93;90.97;51.41581416;sur;
09.06.2022;;Ma;Mo;3;2;85;137.37;90.21;65.66936012;sur;
09.06.2022;1:57:17 AM;Ma;Mo;3;2;85;157.42;90.8;57.68009148;sur;
09.06.2022;;Ma;Mo;3;2;95;137.55;103.1;74.95456198;sur;
09.06.2022;;Ma;Mo;3;2;95;166.1;103.8;62.49247441;sur;
09.06.2022;1:57:56 AM;Ma;Mo;3;2;95;148.75;104;69.91596639;sur;
09.06.2022;;Ma;Mo;3;2;105;154.17;118.9;77.12265681;sur;
09.06.2022;;Ma;Mo;3;2;105;108.92;119.3;109.5299302;sur;
09.06.2022;1:58:36 AM;Ma;Mo;3;2;105;174.22;120;68.87842957;sur;
09.06.2022;;Ma;Mo;3;2;115;146.04;138.1;94.56313339;sur;
09.06.2022;;Ma;Mo;3;2;115;175.58;137.8;78.48274291;sur;
09.06.2022;1:59:27 AM;Ma;Mo;3;2;115;176.66;131.7;74.54998302;sur;
09.06.2022;;Ma;Mo;3;2;140;153.36;156.5;102.04747;sur;
09.06.2022;;Ma;Mo;3;2;140;107.3;149.5;139.3289842;sur;
09.06.2022;2:00:06 AM;Ma;Mo;3;2;140;135.48;148.1;109.315028;sur;
