date;experiment_type;Sampling_campain;variety;culture;bloc;sample_type;Sample ID;Glucoraphanin;Progoitrin isomer;Glucoalyssin;Gluconapoleiferin;Gluconapin;Butyl-GS;Glucobrassicanapin;Glucobrassicin;Gluconasturtiin;Methoxyglucobrassicin;Neoglucobrassicin;Unknown GLS (C16H20N2O11S2);total 
05.04.2022;glasshouse;GH_BF;Ma;Mo;2;feuille;230109_IH_GLS_sample_1-1;3.985102421;56.01489758;58.54748603;8.081936685;52.2160149;7.001862197;141.7132216;144.8789572;26.85288641;8.34264432;3.612662942;25.69832402;536.9459963
05.04.2022;glasshouse;GH_BF;Ma;Mo;2;feuille;230109_IH_GLS_sample_1-2;7.252124646;37.47875354;56.77053824;4.92917847;40.59490085;5.099150142;77.45042493;55.26912181;22.35127479;4.900849858;2.606232295;25.32577904;340.0283286
05.04.2022;glasshouse;GH_BF;Fe;Mo;1;feuille;230109_IH_GLS_sample_1-3;1.931818182;23.32386364;7.585227273;3.465909091;13.26704545;1.761363636;36.96022727;39.91477273;20.65340909;4.6875;2.727272727;12.15909091;168.4375
05.04.2022;glasshouse;GH_BF;Fe;Mo;1;feuille;230109_IH_GLS_sample_1-4;3.954154728;0;46.41833811;5.358166189;40.20057307;4.040114613;85.70200573;68.59598854;20.63037249;4.240687679;1.891117479;23.26647564;304.2979943
05.04.2022;glasshouse;GH_BF;An;Mo;2;feuille;230109_IH_GLS_sample_1-5;4.449760766;29.784689;24.42583732;2.703349282;25.31100478;1.578947368;36.02870813;45.64593301;21.81818182;6.076555024;1.459330144;27.1291866;226.4114833
05.04.2022;glasshouse;GH_BF;An;Mo;2;feuille;230109_IH_GLS_sample_1-6;4.525043178;22.83246978;21.31260794;2.210708117;18.72193437;1.692573402;25.28497409;76.02763385;30.53540587;9.291882556;2.487046632;29.98272884;244.9050086
05.04.2022;glasshouse;GH_BF;Ma;Mo;1;feuille;230109_IH_GLS_sample_1-7;11.55482815;30.5400982;29.91816694;3.633387889;28.3797054;2.520458265;40.91653028;52.92962357;38.19967267;6.153846154;1.70212766;22.1603928;268.608838
05.04.2022;glasshouse;GH_BF;Ma;Mo;1;feuille;230109_IH_GLS_sample_1-8;4.754098361;34.83606557;38.27868852;3.975409836;34.3852459;4.836065574;55.40983607;62.00819672;20.98360656;5.491803279;2.5;27.62295082;295.0819672
05.04.2022;glasshouse;GH_BF;Fe;Mo;3;feuille;230109_IH_GLS_sample_1-9;2.608695652;37.92960663;13.16770186;4.554865424;23.1884058;3.395445135;64.72049689;65.79710145;22.65010352;6.790890269;3.64389234;19.08902692;267.5362319
05.04.2022;glasshouse;GH_BF;Fe;Mo;3;feuille;230109_IH_GLS_sample_1-10;6.446776612;32.8035982;21.91904048;4.677661169;22.18890555;2.308845577;46.14692654;58.95052474;28.51574213;7.016491754;3.5982009;18.89055472;253.4632684
05.04.2022;glasshouse;GH_BF;An;Mo;1;feuille;230109_IH_GLS_sample_1-11;4.448;35.648;51.264;3.936;45.44;1.92;71.84;176.64;31.936;13.696;7.936;35.232;479.936
05.04.2022;glasshouse;GH_BF;An;Mo;1;feuille;230109_IH_GLS_sample_1-12;6.326963907;29.17197452;41.95329087;3.481953291;40.21231423;1.61358811;43.26963907;101.8683652;32.14437367;8.747346072;5.435244161;26.19957537;340.4246285
05.04.2022;glasshouse;GH_BF;Ma;Mo;3;feuille;230109_IH_GLS_sample_1-13;4.343598055;42.26904376;62.13938412;5.413290113;41.32901135;2.982171799;87.19611021;47.26094003;18.2171799;4.797406807;3.954619125;21.16693679;341.0696921
05.04.2022;glasshouse;GH_BF;Ma;Mo;3;feuille;230109_IH_GLS_sample_1-14;4.904942966;46.9581749;63.80228137;6.80608365;42.96577947;4.524714829;103.460076;124.0304183;21.21673004;9.087452471;6.539923954;29.84790875;464.1444867
05.04.2022;glasshouse;GH_BF;Fe;Mo;2;feuille;230109_IH_GLS_sample_1-15;5.942228336;48.63823934;47.67537827;5.914718019;47.92297111;3.026134801;103.6313618;65.58459422;24.15405777;7.235213205;6.327372765;19.44979367;385.5020633
05.04.2022;glasshouse;GH_BF;Fe;Mo;2;feuille;230109_IH_GLS_sample_1-16;5.865102639;39.50146628;35.71847507;4.369501466;37.27272727;3.519061584;74.8973607;54.16422287;23.63636364;6.832844575;3.049853372;20.76246334;309.5894428
05.04.2022;glasshouse;GH_BF;Fe;As;1;feuille;230109_IH_GLS_sample_1-17;6.141975309;39.29012346;36.94444444;5.216049383;22.83950617;3.827160494;66.85185185;73.24074074;25.77160494;7.283950617;2.098765432;19.29012346;308.7962963
05.04.2022;glasshouse;GH_BF;Fe;As;1;feuille;230109_IH_GLS_sample_1-18;9.701492537;36.8358209;41.40298507;3.462686567;32.71641791;1.074626866;42;69.43283582;36.7761194;6.71641791;6.328358209;28.71641791;315.1641791
05.04.2022;glasshouse;GH_BF;Ma;As;2;feuille;230109_IH_GLS_sample_1-19;4.406779661;22.37288136;16.79849341;4.06779661;14.01129944;1.355932203;31.93973635;48.66290019;19.24670433;5.047080979;2.410546139;19.05838041;189.3785311
05.04.2022;glasshouse;GH_BF;Ma;As;2;feuille;230109_IH_GLS_sample_1-20;3.869731801;19.15708812;11.99233716;3.869731801;8.390804598;1.455938697;19.61685824;61.53256705;17.54789272;4.406130268;1.264367816;26.85823755;179.9616858
05.04.2022;glasshouse;GH_BF;Ma;As;1;feuille;230109_IH_GLS_sample_1-21;2.992125984;55.23622047;47.12598425;8.858267717;35.23622047;3.346456693;130.5511811;122.9527559;25.86614173;7.007874016;1.692913386;26.06299213;466.9291339
05.04.2022;glasshouse;GH_BF;Ma;As;1;feuille;230109_IH_GLS_sample_1-22;8.822115385;26.51442308;45.09615385;3.173076923;30.21634615;2.259615385;38.70192308;59.71153846;23.07692308;5.793269231;2.5;27.04326923;272.9086538
05.04.2022;glasshouse;GH_BF;An;As;2;feuille;230109_IH_GLS_sample_1-23;1.546218487;13.1092437;4.504201681;2.453781513;3.226890756;1.008403361;8.43697479;35.73109244;6.823529412;3.361344538;1.042016807;11.12605042;92.3697479
05.04.2022;glasshouse;GH_BF;An;As;2;feuille;230109_IH_GLS_sample_1-24;6.301369863;23.56164384;25.95890411;2.157534247;22.60273973;1.47260274;24.69178082;57.26027397;30.71917808;7.808219178;1.404109589;26.91780822;230.8561644
05.04.2022;glasshouse;GH_BF;An;As;1;feuille;230109_IH_GLS_sample_1-25;4.091778203;20.61185468;23.4416826;3.556405354;17.97323136;2.141491396;36.02294455;67.60994264;16.32887189;5.774378585;3.135755258;18.58508604;219.2734226
05.04.2022;glasshouse;GH_BF;An;As;1;feuille;230109_IH_GLS_sample_1-26;4.177777778;40.97777778;45.21481481;6.133333333;36.11851852;2.37037037;95.76296296;116.9777778;25.77777778;7.525925926;2.844444444;24.32592593;408.2074074
05.04.2022;glasshouse;GH_BF;Fe;As;3;feuille;230109_IH_GLS_sample_1-27;2.354788069;28.22605965;14.94505495;4.458398744;17.14285714;2.040816327;60.37676609;64.36420722;20.87912088;6.248037677;1.507064364;19.27786499;241.8210361
05.04.2022;glasshouse;GH_BF;Fe;As;3;feuille;230109_IH_GLS_sample_1-28;6.524390244;35.97560976;28.41463415;3.87195122;29.63414634;2.37804878;54.9695122;59.54268293;33.17073171;7.225609756;1.737804878;26.49390244;289.9390244
05.04.2022;glasshouse;GH_BF;Fe;As;2;feuille;230109_IH_GLS_sample_1-29;6.931034483;62.44827586;55.06896552;7.689655172;47.79310345;3.034482759;124.4827586;144.6206897;31.89655172;12.03448276;2;22.48275862;520.4827586
05.04.2022;glasshouse;GH_BF;Fe;As;2;feuille;230109_IH_GLS_sample_1-30;2.63803681;52.85276074;27.7607362;8.558282209;38.77300613;3.404907975;141.8404908;103.6503067;28.98773006;8.834355828;5.18404908;18.34355828;440.8282209
05.04.2022;glasshouse;GH_BF;Ma;As;3;feuille;230109_IH_GLS_sample_1-31;4.127423823;27.2299169;23.93351801;4.182825485;22.79778393;2.576177285;46.4265928;54.48753463;20.55401662;5.041551247;1.329639889;24.65373961;237.3407202
05.04.2022;glasshouse;GH_BF;Ma;As;3;feuille;230109_IH_GLS_sample_1-32;2.248677249;26.69312169;17.46031746;3.121693122;17.03703704;1.613756614;29.20634921;77.93650794;20.71428571;3.80952381;1.428571429;17.85714286;219.1269841
05.04.2022;glasshouse;GH_BF;An;Mo;3;feuille;230109_IH_GLS_sample_1-33;1.626666667;9.573333333;9.76;1.173333333;7.573333333;0.88;13.14666667;18.96;7.093333333;4.56;0.746666667;9.413333333;84.50666667
05.04.2022;glasshouse;GH_BF;An;Mo;3;feuille;230109_IH_GLS_sample_1-34;10.18789144;34.57202505;39.20668058;3.173277662;40.70981211;2.045929019;47.76617954;111.3987474;44.75991649;13.3611691;4.926931106;26.47181628;378.5803758
05.04.2022;glasshouse;GH_BF;Fe;Mo;5;feuille;230109_IH_GLS_sample_1-35;2.721598002;29.93757803;13.70786517;4.194756554;20.54931336;1.622971286;30.98626717;63.84519351;19.37578027;8.214731586;5.118601748;24.71910112;224.9937578
05.04.2022;glasshouse;GH_BF;Fe;Mo;5;feuille;230109_IH_GLS_sample_1-36;17.81710914;29.67551622;34.80825959;2.536873156;37.61061947;2.979351032;28.52507375;40.17699115;44.92625369;6.371681416;1.681415929;21.71091445;268.820059
05.04.2022;glasshouse;GH_BF;Fe;Mo;4;feuille;230109_IH_GLS_sample_1-37;5.568760611;38.50594228;32.1901528;3.667232598;34.53310696;1.460101868;64.1426146;41.62988115;16.46859083;5.05942275;1.935483871;17.41935484;262.5806452
05.04.2022;glasshouse;GH_BF;Fe;Mo;4;feuille;230109_IH_GLS_sample_1-38;8.720770289;73.56258597;77.49656121;7.235213205;73.37001376;1.568088033;150.1513067;96.61623109;36.36863824;9.821182944;1.650618982;24.45667125;561.0178817
05.04.2022;glasshouse;GH_BF;Ma;Mo;5;feuille;230109_IH_GLS_sample_1-39;5.613577023;38.2767624;65.48302872;3.394255875;53.42036554;1.984334204;65.48302872;66.24020888;16.65796345;7.154046997;3.342036554;22.89817232;349.9477807
05.04.2022;glasshouse;GH_BF;Ma;Mo;5;feuille;230109_IH_GLS_sample_1-40;10.78125;21.5625;55.49479167;2.447916667;31.171875;4.036458333;31.5625;74.375;16.90104167;6.822916667;2.760416667;22.00520833;279.921875
05.04.2022;glasshouse;GH_BF;Ma;Mo;4;feuille;230109_IH_GLS_sample_1-41;7.503201024;37.56722151;41.22919334;3.969270166;39.10371319;3.815620999;57.84891165;56.28681178;23.91805378;4.686299616;2.227912932;22.48399488;300.6402049
05.04.2022;glasshouse;GH_BF;Ma;Mo;4;feuille;230109_IH_GLS_sample_1-42;7.594202899;27.10144928;34.66666667;3.623188406;28.11594203;4.637681159;41.07246377;61.04347826;24.37681159;5.362318841;3.304347826;24.34782609;265.2463768
05.04.2022;glasshouse;GH_BF;An;Mo;5;feuille;230109_IH_GLS_sample_1-43;13.86221294;57.5782881;84.75991649;4.8434238;70.73068894;2.964509395;74.73903967;61.41962422;42.17118998;10.14613779;3.340292276;25.97077244;452.526096
05.04.2022;glasshouse;GH_BF;An;Mo;5;feuille;230109_IH_GLS_sample_1-44;5.379537954;40.0330033;30.4950495;3.729372937;23.00330033;1.815181518;42.34323432;87.75577558;44.98349835;6.105610561;1.584158416;19.7689769;306.9966997
05.04.2022;glasshouse;GH_BF;An;Mo;4;feuille;230109_IH_GLS_sample_1-45;4.316546763;45.9352518;19.13669065;6.54676259;15.71942446;3.201438849;58.77697842;115.9352518;24.85611511;13.27338129;3.417266187;31.54676259;342.6618705
05.04.2022;glasshouse;GH_BF;An;Mo;4;feuille;230109_IH_GLS_sample_1-46;1.659125189;17.16440422;7.209653092;1.719457014;6.003016591;1.508295626;13.09200603;37.31523379;11.52337858;3.650075415;0.995475113;7.601809955;109.4419306
05.04.2022;glasshouse;GH_BF;An;As;4;feuille;230109_IH_GLS_sample_1-47;6.939820743;29.83354673;25.78745198;3.790012804;23.55953905;1.434058899;37.84891165;81.04993598;33.3418694;8.681177977;2.330345711;27.29833547;281.8950064
05.04.2022;glasshouse;GH_BF;An;As;4;feuille;230109_IH_GLS_sample_1-48;4.622496148;27.85824345;21.32511556;2.681047766;22.12634823;1.294298921;35.93220339;65.05392912;29.70724191;8.351309707;2.403697997;29.15254237;250.5084746
05.04.2022;glasshouse;GH_BF;An;As;5;feuille;230109_IH_GLS_sample_1-49;2.573289902;28.79478827;15.01628664;4.136807818;12.11726384;1.791530945;37.52442997;48.63192182;21.88925081;7.980456026;1.205211726;25.57003257;207.2312704
05.04.2022;glasshouse;GH_BF;An;As;5;feuille;230109_IH_GLS_sample_1-50;3.846153846;20.96989967;9.83277592;3.946488294;3.210702341;0;13.14381271;48.86287625;19.29765886;8.72909699;1.137123746;21.0367893;154.0133779
05.04.2022;glasshouse;GH_BF;Ma;As;4;feuille;230109_IH_GLS_sample_1-51;2.782874618;46.45259939;19.23547401;5.259938838;42.2324159;2.201834862;82.5382263;92.96636086;36.88073394;10.97859327;3.302752294;26.69724771;371.529052
05.04.2022;glasshouse;GH_BF;Ma;As;4;feuille;230109_IH_GLS_sample_1-52;14.01129944;71.93973635;87.90960452;9.001883239;68.66290019;2.674199623;125.1977401;90.73446328;43.35216573;7.043314501;1.920903955;37.81544256;560.2636535
05.04.2022;glasshouse;GH_BF;Ma;As;5;feuille;230109_IH_GLS_sample_1-53;4.254742547;37.45257453;32.68292683;5.609756098;27.50677507;4.742547425;74.14634146;53.9295393;20.29810298;5.962059621;1.598915989;22.14092141;290.3252033
05.04.2022;glasshouse;GH_BF;Ma;As;5;feuille;230109_IH_GLS_sample_1-54;2.28980322;29.30232558;28.980322;4.257602862;28.01431127;3.613595707;54.99105546;59.24865832;19.42754919;5.330948122;1.574239714;20.17889088;257.2093023
05.04.2022;glasshouse;GH_BF;Fe;As;4;feuille;230109_IH_GLS_sample_1-55;2.542372881;36.31355932;13.22033898;6.652542373;23.6440678;4.025423729;72.37288136;121.1016949;27.66949153;14.87288136;7.711864407;21.31355932;351.440678
05.04.2022;glasshouse;GH_BF;Fe;As;4;feuille;230109_IH_GLS_sample_1-56;3.235638921;25.93200469;32.49706917;3.728018757;21.7116061;2.110199297;52.91910903;67.26846424;16.67057444;6.189917937;2.64947245;17.51465416;252.4267292
05.04.2022;glasshouse;GH_BF;Fe;As;5;feuille;230109_IH_GLS_sample_1-57;6.022031824;33.36597307;20.85679315;4.357405141;18.8249694;2.815177479;49.00856793;66.68298654;24.67564259;8.004895961;1.493268054;19.06976744;255.1774786
05.04.2022;glasshouse;GH_BF;Fe;As;5;feuille;230109_IH_GLS_sample_1-58;2.938230384;33.4557596;15.29215359;3.939899833;21.96994992;3.67278798;52.85475793;53.12186978;27.01168614;8.113522538;1.502504174;18.43071786;242.3038397
05.04.2022;glasshouse;GH_BF;An;As;3;feuille;230109_IH_GLS_sample_1-59;7.779111645;21.96878752;20.40816327;1.680672269;18.63145258;1.200480192;17.4789916;70.06002401;32.24489796;10.44417767;1.2484994;26.19447779;229.3397359
05.04.2022;glasshouse;GH_BF;An;As;3;feuille;230109_IH_GLS_sample_1-60;4.417177914;37.20858896;23.71165644;3.098159509;32.14723926;2.085889571;55.18404908;73.2208589;27.94478528;8.098159509;1.349693252;23.80368098;292.2699387
16.05.2022;glasshouse;GH_AF;Ma;As;2;feuille;230109_IH_GLS_sample_2-1;0.855172414;44.22068966;5.434482759;7.834482759;9.048275862;1.15862069;44.4137931;141.4068966;22.17931034;6.344827586;4.937931034;25.24137931;313.0758621
16.05.2022;glasshouse;GH_AF;Ma;As;2;feuille;230109_IH_GLS_sample_2-2;10.35639413;33.12368973;44.27672956;4.444444444;26.12159329;1.886792453;34.63312369;56.26834382;28.21802935;7.463312369;4.192872117;24.1509434;275.1362683
16.05.2022;glasshouse;GH_AF;An;As;2;feuille;230109_IH_GLS_sample_2-3;14.81481481;21.79337232;18.05068226;1.949317739;12.94346979;1.364522417;9.824561404;75.28265107;26.27680312;15.47758285;2.807017544;42.72904483;243.3138402
16.05.2022;glasshouse;GH_AF;An;As;2;feuille;230109_IH_GLS_sample_2-4;10.88737201;23.99317406;17.09897611;3.754266212;9.897610922;1.604095563;22.32081911;69.35153584;24.06143345;9.76109215;2.28668942;29.18088737;224.1979522
16.05.2022;glasshouse;GH_AF;Fe;As;3;feuille;230109_IH_GLS_sample_2-5;2.787878788;48.24242424;17.01010101;6.707070707;24.56565657;1.939393939;75.19191919;59.67676768;21.8989899;10.78787879;8.080808081;23.7979798;300.6868687
16.05.2022;glasshouse;GH_AF;Fe;As;3;feuille;230109_IH_GLS_sample_2-6;1.706586826;20.92814371;7.065868263;3.383233533;9.161676647;1.437125749;27.51497006;57.69461078;15.02994012;8.233532934;4.94011976;16.43712575;173.5329341
16.05.2022;glasshouse;GH_AF;Ma;As;3;feuille;230109_IH_GLS_sample_2-7;4.282828283;45.65656566;32;7.434343434;18.66666667;2.909090909;58.18181818;72.96969697;36.56565657;6.98989899;3.797979798;27.23232323;316.6868687
16.05.2022;glasshouse;GH_AF;Ma;As;3;feuille;230109_IH_GLS_sample_2-8;2.310030395;55.77507599;35.68389058;7.872340426;26.56534954;2.036474164;62.15805471;97.11246201;35.22796353;11.42857143;10.15197568;26.04863222;372.3708207
16.05.2022;glasshouse;GH_AF;Fe;As;1;feuille;230109_IH_GLS_sample_2-9;1.316270567;77.29433272;8.372943327;16.12431444;30.89579525;1.535648995;119.5612431;111.0054845;21.57221207;12.90676417;29.79890311;24.05850091;454.4424132
16.05.2022;glasshouse;GH_AF;Fe;As;1;feuille;230109_IH_GLS_sample_2-10;2.040229885;35.86206897;11.49425287;4.683908046;15.31609195;1.522988506;41.83908046;79.36781609;20.37356322;8.045977011;4.166666667;20.51724138;245.2298851
16.05.2022;glasshouse;GH_AF;Ma;As;1;feuille;230109_IH_GLS_sample_2-11;3.316582915;18.69346734;8.442211055;2.713567839;6.465661642;0.904522613;6.901172529;42.71356784;22.27805695;5.460636516;2.981574539;21.03852596;141.9095477
16.05.2022;glasshouse;GH_AF;Ma;As;1;feuille;230109_IH_GLS_sample_2-12;1.721518987;29.72151899;23.72151899;3.518987342;18.88607595;1.493670886;37.13924051;57.94936709;20.60759494;6.860759494;6.708860759;15.06329114;223.3924051
16.05.2022;glasshouse;GH_AF;An;As;1;feuille;230109_IH_GLS_sample_2-13;2.043222004;24.24361493;14.10609037;2.907662083;10.72691552;1.532416503;18.93909627;67.07269155;20.27504912;8.055009823;5.540275049;22.6719057;198.1139489
16.05.2022;glasshouse;GH_AF;An;As;1;feuille;230109_IH_GLS_sample_2-14;2.126929674;60.7890223;51.97255575;7.958833619;34.78559177;3.293310463;113.0017153;94.0651801;28.64493997;9.879931389;4.425385935;27.30703259;438.2504288
16.05.2022;glasshouse;GH_AF;Fe;As;2;feuille;230109_IH_GLS_sample_2-15;1.056338028;43.27464789;12.35915493;5.387323944;24.71830986;1.021126761;81.44366197;65.77464789;17.42957746;8.591549296;7.35915493;13.5915493;282.0070423
16.05.2022;glasshouse;GH_AF;Fe;As;2;feuille;na;na;na;na;na;na;na;na;na;na;na;na;na;0
16.05.2022;glasshouse;GH_AF;Ma;Mo;2;feuille;230109_IH_GLS_sample_2-17;2.706766917;39.73684211;50.45112782;4.661654135;31.5037594;2.593984962;43.23308271;103.2330827;26.76691729;13.4962406;20.56390977;21.05263158;360
16.05.2022;glasshouse;GH_AF;Ma;Mo;2;feuille;230109_IH_GLS_sample_2-18;3.006535948;72.94117647;61.49019608;10.90196078;25.9869281;3.058823529;84.41830065;208.2614379;28.41830065;19.18954248;10.16993464;28.65359477;556.496732
16.05.2022;glasshouse;GH_AF;An;Mo;2;feuille;230109_IH_GLS_sample_2-19;5.297504798;24.99040307;20.80614203;3.186180422;20.69097889;1.497120921;16.69865643;106.2571977;31.47792706;21.15163148;5.527831094;47.06333973;304.6449136
16.05.2022;glasshouse;GH_AF;An;Mo;2;feuille;230109_IH_GLS_sample_2-20;2.612903226;22.58064516;18.06451613;3.35483871;23.38709677;1.870967742;32.80645161;86.29032258;15;11.51612903;3.419354839;23.61290323;244.516129
16.05.2022;glasshouse;GH_AF;Fe;Mo;3;feuille;230109_IH_GLS_sample_2-21;4.603960396;33.21782178;12.5990099;4.48019802;16.11386139;1.757425743;32.25247525;66.78217822;25.69306931;11.23762376;4.603960396;22.82178218;236.1633663
16.05.2022;glasshouse;GH_AF;Fe;Mo;3;feuille;230110_IH_GLS_sample_2-22;1.19047619;27.70833333;11.875;4.017857143;21.07142857;0.654761905;47.82738095;60.68452381;21.39880952;7.648809524;6.607142857;16.30952381;226.9940476
16.05.2022;glasshouse;GH_AF;Ma;Mo;3;feuille;230110_IH_GLS_sample_2-23;3.392330383;53.53982301;63.48082596;9.026548673;47.05014749;6.342182891;99.0560472;106.460177;35.25073746;9.911504425;6.401179941;32.24188791;472.1533923
16.05.2022;glasshouse;GH_AF;Ma;Mo;3;feuille;230110_IH_GLS_sample_2-24;3.60446571;60.4784689;58.30940989;3.03030303;43.41307815;1.945773525;56.45933014;51.00478469;21.94577352;5.071770335;2.296650718;23.476874;331.0366826
16.05.2022;glasshouse;GH_AF;Fe;Mo;1;feuille;230110_IH_GLS_sample_2-25;0.994035785;38.17097416;9.30417495;4.413518887;25.00994036;1.11332008;70.93439364;73.28031809;17.17693837;7.952286282;4.930417495;13.35984095;266.640159
16.05.2022;glasshouse;GH_AF;Fe;Mo;1;feuille;230110_IH_GLS_sample_2-26;1.762917933;41.24620061;9.90881459;6.048632219;13.89057751;1.155015198;46.80851064;61.12462006;20.72948328;7.507598784;3.373860182;27.59878419;241.1550152
16.05.2022;glasshouse;GH_AF;Ma;Mo;1;feuille;230110_IH_GLS_sample_2-27;4.319371728;40.70680628;33.16753927;4.816753927;18.03664921;2.722513089;39.05759162;48.71727749;24.37172775;5.628272251;3.507853403;34.16230366;259.2146597
16.05.2022;glasshouse;GH_AF;Ma;Mo;1;feuille;230110_IH_GLS_sample_2-28;2.522522523;39.53153153;51.27927928;6.234234234;39.42342342;2.630630631;73.62162162;67.71171171;17.62162162;5.513513514;2.09009009;25.2972973;333.4774775
16.05.2022;glasshouse;GH_AF;An;Mo;1;feuille;230110_IH_GLS_sample_2-29;8.017751479;35.14792899;15.1183432;5.680473373;15.17751479;1.449704142;26.21301775;84.28994083;29.58579882;9.49704142;4.349112426;30.29585799;264.8224852
16.05.2022;glasshouse;GH_AF;An;Mo;1;feuille;230110_IH_GLS_sample_2-30;2.593250444;40.07104796;19.92895204;3.161634103;23.26820604;2.1669627;42.94849023;78.18827709;14.42273535;14.4937833;2.451154529;25.39964476;269.0941385
16.05.2022;glasshouse;GH_AF;Fe;Mo;2;feuille;230110_IH_GLS_sample_2-31;1.075697211;48.76494024;14.46215139;7.330677291;38.96414343;1.992031873;118.1673307;75.77689243;25.33864542;6.454183267;3.74501992;21.39442231;363.4661355
16.05.2022;glasshouse;GH_AF;Fe;Mo;2;feuille;230110_IH_GLS_sample_2-32;0.773993808;55.63467492;7.708978328;7.925696594;18.91640867;2.321981424;72.97213622;76.59442724;18.73065015;8.111455108;4.303405573;27.46130031;301.4551084
16.05.2022;glasshouse;GH_AF;An;Mo;5;feuille;230110_IH_GLS_sample_2-33;5.305164319;18.87323944;26.50234742;2.159624413;15.68075117;1.056338028;13.92018779;87.91079812;27.44131455;8.192488263;1.338028169;28.84976526;237.2300469
16.05.2022;glasshouse;GH_AF;An;Mo;5;feuille;230110_IH_GLS_sample_2-34;7.863247863;28.13675214;48.1025641;2.905982906;26.18803419;1.504273504;22.32478632;105.2991453;31.93162393;8.444444444;1.196581197;29.36752137;313.2649573
16.05.2022;glasshouse;GH_AF;Ma;Mo;5;feuille;230110_IH_GLS_sample_2-35;4.17193426;24.07079646;31.17572693;2.275600506;19.5954488;1.845764855;23.31226296;47.73704172;25.84070796;5.486725664;4.804045512;23.86852086;214.1845765
16.05.2022;glasshouse;GH_AF;Ma;Mo;5;feuille;230110_IH_GLS_sample_2-36;7.681415929;56.17699115;74.69026549;4.884955752;35.71681416;2.123893805;59.75221239;272.9557522;32.81415929;10.30088496;9.451327434;20.84955752;587.3982301
16.05.2022;glasshouse;GH_AF;Fe;Mo;5;feuille;230110_IH_GLS_sample_2-37;1.403508772;38.71345029;9.356725146;4.288499025;16.02339181;1.598440546;29.04483431;55.59454191;21.01364522;8.070175439;6.237816764;21.09161793;212.4366472
16.05.2022;glasshouse;GH_AF;Fe;Mo;5;feuille;230110_IH_GLS_sample_2-38;3.217054264;53.72093023;19.37984496;5.852713178;26.24031008;4.186046512;58.25581395;71.43410853;29.2248062;12.51937984;16.04651163;18.64341085;318.7209302
16.05.2022;glasshouse;GH_AF;An;Mo;3;feuille;230110_IH_GLS_sample_2-39;5.444646098;20.10889292;35.13611615;2.504537205;19.96370236;1.270417423;19.74591652;182.6134301;24.39201452;17.09618875;16.73321234;19.60072595;364.6098004
16.05.2022;glasshouse;GH_AF;An;Mo;3;feuille;230110_IH_GLS_sample_2-40;3.445595855;41.42487047;40.80310881;4.663212435;32.27979275;2.331606218;50.02590674;93.05699482;25.02590674;8.341968912;3.316062176;33.86010363;338.5751295
16.05.2022;glasshouse;GH_AF;Fe;Mo;4;feuille;230110_IH_GLS_sample_2-41;3.28990228;49.08794788;80.42345277;4.332247557;73.2247557;0.553745928;130.4560261;54.75570033;20;8.078175896;6.482084691;27.752443;458.4364821
16.05.2022;glasshouse;GH_AF;Fe;Mo;4;feuille;230110_IH_GLS_sample_2-42;1.416893733;47.73841962;11.79836512;5.994550409;25.34059946;1.825613079;72.7520436;54.41416894;22.88828338;7.493188011;1.553133515;24.93188011;278.147139
16.05.2022;glasshouse;GH_AF;Ma;Mo;4;feuille;230110_IH_GLS_sample_2-43;2.341325811;37.65867419;45.16220028;3.469675599;38.30747532;1.325811001;50.86036671;70.6629055;34.97884344;5.021156559;5.81100141;16.72778561;312.3272214
16.05.2022;glasshouse;GH_AF;Ma;Mo;4;feuille;230110_IH_GLS_sample_2-44;1.787072243;66.73003802;44.18250951;8.783269962;52.96577947;4.144486692;154.7908745;95.58935361;40.60836502;7.072243346;6.273764259;31.33079848;514.2585551
16.05.2022;glasshouse;GH_AF;An;Mo;4;feuille;230110_IH_GLS_sample_2-45;3.284671533;34.67153285;21.53284672;3.138686131;29.7080292;2.445255474;40.65693431;85.40145985;18.17518248;12.70072993;1.386861314;38.02919708;291.1313869
16.05.2022;glasshouse;GH_AF;An;Mo;4;feuille;230110_IH_GLS_sample_2-46;3.636363636;23.53535354;26.26262626;2.693602694;16.09427609;1.515151515;15.99326599;102.5252525;14.88215488;11.88552189;3.804713805;37.003367;259.8316498
16.05.2022;glasshouse;GH_AF;An;As;5;feuille;230110_IH_GLS_sample_2-47;3.523131673;32.13523132;22.52669039;4.128113879;24.83985765;1.459074733;27.79359431;143.4875445;30.14234875;16.29893238;2.135231317;29.43060498;337.9003559
16.05.2022;glasshouse;GH_AF;An;As;5;feuille;230110_IH_GLS_sample_2-48;0.882002384;108.9153754;47.89034565;14.20738975;99.90464839;10.36948749;289.7973778;273.3730632;32.75327771;16.30512515;7.794994041;29.86889154;932.0619785
16.05.2022;glasshouse;GH_AF;Ma;As;5;feuille;230110_IH_GLS_sample_2-49;3.353535354;33.73737374;29.6969697;3.595959596;23.75757576;0.484848485;28.80808081;115.7979798;31.5959596;10.94949495;12.48484848;21.25252525;315.5151515
16.05.2022;glasshouse;GH_AF;Ma;As;5;feuille;230110_IH_GLS_sample_2-50;1.164483261;59.06841339;30.10189229;13.18777293;28.76273654;4.42503639;131.6157205;62.47452693;23.08588064;6.34643377;6.200873362;24.01746725;390.4512373
16.05.2022;glasshouse;GH_AF;Fe;As;5;feuille;230110_IH_GLS_sample_2-51;9.887640449;59.25093633;31.46067416;4.194756554;20.82397004;1.011235955;45.09363296;57.75280899;35.80524345;10.33707865;7.490636704;39.25093633;322.3595506
16.05.2022;glasshouse;GH_AF;Fe;As;5;feuille;230110_IH_GLS_sample_2-52;0.815138282;55.45851528;10.16011645;6.288209607;32.25618632;2.445414847;90.45123726;47.59825328;25.41484716;10.94614265;5.327510917;30.45123726;317.6128093
16.05.2022;glasshouse;GH_AF;An;As;4;feuille;230110_IH_GLS_sample_2-53;2.797619048;38.33333333;42.29166667;4.077380952;35.32738095;3.839285714;49.3452381;149.5833333;19.55357143;25.53571429;19.67261905;21.75595238;412.1130952
16.05.2022;glasshouse;GH_AF;An;As;4;feuille;230110_IH_GLS_sample_2-54;3.719165085;26.07210626;16.81214421;2.998102467;10.39848197;1.821631879;15.40796964;363.2637571;31.23339658;35.4459203;11.49905123;32.44781784;551.1195446
16.05.2022;glasshouse;GH_AF;Ma;As;4;feuille;230110_IH_GLS_sample_2-55;2.125181951;39.94177584;24.19213974;4.570596798;17.87481805;1.54294032;45.356623;47.62736536;24.74526929;5.094614265;2.096069869;34.20669578;249.3740902
16.05.2022;glasshouse;GH_AF;Ma;As;4;feuille;230110_IH_GLS_sample_2-56;3.017408124;70.79303675;59.18762089;6.576402321;51.95357834;1.237911025;78.6073501;94.93230174;50.98646035;10.17408124;3.636363636;35.82205029;466.9245648
16.05.2022;glasshouse;GH_AF;Fe;As;4;feuille;230110_IH_GLS_sample_2-57;1.15727003;83.05637982;16.67655786;12.04747774;73.115727;1.988130564;219.0801187;119.7626113;17.38872404;15.40059347;7.388724036;31.63204748;598.694362
16.05.2022;glasshouse;GH_AF;Fe;As;4;feuille;230110_IH_GLS_sample_2-58;2.149410223;58.16513761;24.06290957;5.00655308;34.60026212;0.707732634;82.33289646;72.08387942;23.51245085;8.283093054;3.381389253;30.56356488;344.8492792
16.05.2022;glasshouse;GH_AF;An;As;3;feuille;230110_IH_GLS_sample_2-59;4.888888889;44.61538462;35.8974359;4.136752137;32.71794872;3.042735043;41.67521368;79.79487179;23.41880342;16.88888889;2.871794872;40.03418803;329.982906
16.05.2022;glasshouse;GH_AF;An;As;3;feuille;230110_IH_GLS_sample_2-60;4.165103189;40.75046904;20.22514071;4.427767355;21.23827392;3.001876173;34.8217636;136.4727955;19.66228893;19.77485929;8.142589118;37.37335835;350.0562852
05.09.2022;glasshouse;GH_seed;An;Mo;2;graine;230112_IH_GLS_sample_3-1;10.18518519;4083.641975;664.8148148;241.2037037;752.9320988;28.08641975;1429.783951;12.19135802;38.42592593;0;62.80864198;298.3024691;7622.376543
05.09.2022;glasshouse;GH_seed;Ma;As;2;graine;230112_IH_GLS_sample_3-2;31.77419355;1169.193548;95.16129032;55;524.516129;7.419354839;245.1612903;6.774193548;22.90322581;0;27.25806452;224.6774194;2409.83871
05.09.2022;glasshouse;GH_seed;Ma;Mo;3;graine;230112_IH_GLS_sample_3-3;17.71894094;3475.967413;676.5784114;274.5417515;517.5152749;16.29327902;1325.050916;11.20162933;52.95315682;0;16.29327902;227.0875764;6611.201629
05.09.2022;glasshouse;GH_seed;An;As;3;graine;230112_IH_GLS_sample_3-4;25.23809524;5462.142857;501.4285714;607.1428571;796.1904762;70.47619048;2792.857143;172.6190476;62.14285714;3.80952381;187.8571429;341.1904762;11023.09524
05.09.2022;glasshouse;GH_seed;Ma;Mo;5;graine;230112_IH_GLS_sample_3-5;6.676136364;498.4375;58.52272727;42.89772727;124.2897727;5.823863636;155.8238636;6.25;23.72159091;0;55.39772727;132.6704545;1110.511364
05.09.2022;glasshouse;GH_seed;An;As;4;graine;230112_IH_GLS_sample_3-6;26.48648649;2548.108108;330.0900901;278.7387387;606.4864865;33.15315315;1165.225225;13.69369369;63.96396396;0;32.79279279;219.6396396;5318.378378
05.09.2022;glasshouse;GH_seed;An;Mo;5;graine;230112_IH_GLS_sample_3-7;20.11173184;2372.253259;267.5977654;215.4562384;608.3798883;12.66294227;918.9944134;11.54562384;14.89757914;0;70.39106145;225.1396648;4737.430168
05.09.2022;glasshouse;GH_seed;An;Mo;1;graine;230112_IH_GLS_sample_3-8;31.40096618;4355.555556;590.9822866;309.0177134;964.7342995;33.01127214;1812.560386;11.75523349;56.03864734;0;42.02898551;236.5539452;8443.639291
05.09.2022;glasshouse;GH_seed;An;As;2;graine;230112_IH_GLS_sample_3-9;15.12717537;968.6746988;66.39892905;74.83266399;268.8085676;6.024096386;270.4149933;5.62248996;16.06425703;0;21.95448461;146.0508701;1859.973226
05.09.2022;glasshouse;GH_seed;Fe;Mo;4;graine;230112_IH_GLS_sample_3-10;16.11479029;3196.909492;257.1743929;450.3311258;455.8498896;7.505518764;1924.944812;9.492273731;27.59381898;0;75.27593819;273.7306843;6694.922737
05.09.2022;glasshouse;GH_seed;Ma;Mo;1;graine;230112_IH_GLS_sample_3-11;5.514157973;571.9821162;68.10730253;69.5976155;121.3114754;9.239940387;239.9403875;2.384500745;16.24441133;0;24.14307004;80.77496274;1209.23994
05.09.2022;glasshouse;GH_seed;Fe;Mo;1;graine;230112_IH_GLS_sample_3-12;13.07692308;3342.5;191.5384615;325.9615385;504.8076923;9.230769231;1570.769231;10.19230769;20.76923077;0;48.84615385;170.3846154;6208.076923
05.09.2022;glasshouse;GH_seed;Fe;Mo;4;graine;230112_IH_GLS_sample_3-13;10.18518519;2443.055556;190.9722222;268.287037;349.537037;5.555555556;1545.138889;12.03703704;5.555555556;0;21.2962963;243.75;5095.37037
05.09.2022;glasshouse;GH_seed;Fe;As;4;graine;230112_IH_GLS_sample_3-14;25.24590164;5395.737705;435.7377049;721.6393443;994.7540984;33.44262295;5064.918033;2.295081967;34.42622951;0;3.93442623;394.7540984;13106.88525
05.09.2022;glasshouse;GH_seed;Fe;As;5;graine;230112_IH_GLS_sample_3-15;29.37219731;2590.134529;208.0717489;302.0179372;537.8923767;27.80269058;1489.461883;13.22869955;24.43946188;0;42.60089686;299.3273543;5564.349776
05.09.2022;glasshouse;GH_seed;Fe;As;3;graine;230112_IH_GLS_sample_3-16;19.78527607;655.0613497;29.29447853;57.82208589;226.8404908;2.300613497;166.1042945;10.27607362;10.42944785;0;31.90184049;219.1717791;1428.98773
05.09.2022;glasshouse;GH_seed;Ma;AS;4;graine;230112_IH_GLS_sample_3-17;15.51204819;2026.506024;223.4939759;287.6506024;428.1626506;33.43373494;1134.939759;7.981927711;92.1686747;0;71.53614458;218.8253012;4540.210843
18.10.2022;eva2023;EVA_1_BF;An;As;1;feuille;230112_IH_GLS_sample_4-1;22.73127753;245.0220264;230.5433186;27.90014684;214.0675477;1.497797357;322.9368576;388.3994126;61.96769457;33.48017621;326.1380323;7.136563877;1881.820852
18.10.2022;eva2023;EVA_1_BF;An;As;1;feuille;230112_IH_GLS_sample_4-2;10.2556391;409.4135338;336.5413534;44;309.1428571;2.255639098;525.7744361;190.4661654;73.20300752;33.71428571;164.7518797;8.902255639;2108.421053
18.10.2022;eva2023;EVA_1_BF;An;As;1;feuille;230112_IH_GLS_sample_4-3;29.37583001;461.2217795;424.9667995;41.46082337;288.7915007;2.045152722;450.0929615;583.4528552;73.59893758;51.79282869;474.4488712;6.932270916;2888.180611
18.10.2022;eva2023;EVA_1_BF;Ma;As;1;feuille;230112_IH_GLS_sample_4-4;54.41791045;492.8059701;668.9552239;31.82089552;301.2537313;1.52238806;337.1044776;912.1492537;75.28358209;44.11940299;250.0298507;8.985074627;3178.447761
18.10.2022;eva2023;EVA_1_BF;Ma;As;1;feuille;230112_IH_GLS_sample_4-5;84.13662239;308.8804554;377.5711575;39.69639469;175.9013283;2.694497154;238.6337761;926.7172676;97.91271347;48.69070209;568.8425047;9.487666034;2879.165085
18.10.2022;eva2023;EVA_1_BF;Ma;As;1;feuille;230112_IH_GLS_sample_4-6;109.3134328;824.7761194;563.1044776;58.80597015;193.0746269;1.641791045;303.5522388;724.1791045;65.10447761;39.04477612;469.2537313;5.313432836;3357.164179
18.10.2022;eva2023;EVA_1_BF;Fe;As;1;feuille;230112_IH_GLS_sample_4-7;9.726775956;444.1894353;222.3315118;54.60837887;262.1857923;1.056466302;697.2677596;313.0418944;46.95810565;20.61930783;97.70491803;4.990892532;2174.681239
18.10.2022;eva2023;EVA_1_BF;Fe;As;1;feuille;230112_IH_GLS_sample_4-8;25.79462103;299.0220049;421.1002445;28.06845966;207.8973105;0.684596577;398.8264059;267.5794621;48.16625917;21.29584352;155.2567237;4.498777506;1878.190709
18.10.2022;eva2023;EVA_1_BF;Fe;As;1;feuille;230112_IH_GLS_sample_4-9;7.080394922;349.280677;171.5655853;39.09732017;274.8660085;0.874471086;667.7009873;251.9605078;43.18758815;25.21861777;53.03244006;9.675599436;1893.540197
18.10.2022;eva2023;EVA_1_BF;Ex;As;1;feuille;230112_IH_GLS_sample_4-10;13.94451146;319.6381182;284.3425814;31.00120627;297.0084439;0.868516285;556.694813;341.3992762;42.24366707;34.45114596;102.9191797;5.428226779;2029.939686
18.10.2022;eva2023;EVA_1_BF;Ex;As;1;feuille;230112_IH_GLS_sample_4-11;7.690140845;252.4225352;137.8028169;27.77464789;220.1690141;0.929577465;402.9577465;263.0704225;33.04225352;20.30985915;59.26760563;7.408450704;1432.84507
18.10.2022;eva2023;EVA_1_BF;Ex;As;1;feuille;230112_IH_GLS_sample_4-12;11.04477612;454.6865672;223.8208955;44.65671642;317.8507463;1.492537313;610.5671642;514.9552239;60.02985075;39.64179104;113.4626866;7.850746269;2400.059701
18.10.2022;eva2023;EVA_1_BF;An;Mo;1;feuille;230112_IH_GLS_sample_4-13;12.09219858;398.5106383;264.5390071;36.66666667;266.9148936;1.70212766;398.5106383;208.7234043;54.57446809;29.07801418;260.4609929;6.063829787;1937.836879
18.10.2022;eva2023;EVA_1_BF;An;Mo;1;feuille;230112_IH_GLS_sample_4-14;7.901234568;305.4046639;221.2345679;41.04252401;327.6268861;2.249657064;771.7421125;127.5994513;39.75308642;25.62414266;118.2441701;9.437585734;1997.860082
18.10.2022;eva2023;EVA_1_BF;An;Mo;1;feuille;230112_IH_GLS_sample_4-15;20.90267983;436.3892807;251.2834979;72.8067701;145.6417489;1.551480959;271.7912553;223.6671368;73.28631876;42.03102962;883.8081805;3.695345557;2426.854725
18.10.2022;eva2023;EVA_1_BF;Ex;Mo;1;feuille;230112_IH_GLS_sample_4-16;11.52394775;421.4513788;162.4092888;37.82293179;269.8113208;1.015965167;416.4296081;292.6850508;39.04208999;23.57039187;152.0464441;4.847605225;1832.656023
18.10.2022;eva2023;EVA_1_BF;Ex;Mo;1;feuille;230112_IH_GLS_sample_4-17;12.84883721;364.622093;211.0755814;41.3372093;227.877907;0.872093023;458.6337209;622.4709302;45.0872093;24.62209302;179.8546512;6.395348837;2195.697674
18.10.2022;eva2023;EVA_1_BF;Ex;Mo;1;feuille;230112_IH_GLS_sample_4-18;37.94392523;225.1713396;358.5046729;20.37383178;320.2803738;1.308411215;333.3956386;374.2990654;41.83800623;23.61370717;80.80996885;6.542056075;1824.080997
18.10.2022;eva2023;EVA_1_BF;Fe;Mo;1;feuille;230112_IH_GLS_sample_4-19;17.55258126;489.2543021;224.6271511;69.36902486;249.8279159;0.841300191;712.6195029;485.4302103;72.4665392;21.52963671;175.6405354;4.282982792;2523.441683
18.10.2022;eva2023;EVA_1_BF;Fe;Mo;1;feuille;230112_IH_GLS_sample_4-20;8.631578947;439.7473684;237.1368421;56.50526316;271.2842105;0.757894737;710.1473684;284.9684211;54.98947368;24.54736842;223.6631579;3.747368421;2316.126316
18.10.2022;eva2023;EVA_1_BF;Fe;Mo;1;feuille;230112_IH_GLS_sample_4-21;19.77667494;351.0918114;242.3325062;57.39454094;199.4540943;1.290322581;533.4739454;342.7543424;49.50372208;27.36972705;162.2332506;4.789081886;1991.46402
18.10.2022;eva2023;EVA_1_BF;Ma;Mo;1;feuille;230112_IH_GLS_sample_4-22;35.22094926;228.3797054;121.4729951;42.42225859;22.9787234;1.276595745;69.4599018;538.2324059;51.45662848;19.63993453;439.6399345;2.32405892;1572.504092
18.10.2022;eva2023;EVA_1_BF;Ma;Mo;1;feuille;230112_IH_GLS_sample_4-23;15.37634409;304.2473118;291.5860215;39.8655914;146.344086;1.23655914;243.4946237;339.1129032;44.43548387;25.64516129;139.1129032;5.752688172;1596.209677
18.10.2022;eva2023;EVA_1_BF;Ma;Mo;1;feuille;230112_IH_GLS_sample_4-24;74.46540881;566.2473795;300.4612159;85.1572327;115.5555556;3.396226415;304.067086;815.4297694;98.90985325;37.44234801;738.3228512;4.27672956;3143.731656
18.10.2022;eva2023;EVA_1_BF;Fe;As;2;feuille;230112_IH_GLS_sample_4-25;12.4028777;436.7769784;191.1079137;82.61870504;228.6906475;0.920863309;653.0359712;168.8633094;70.38848921;20.51798561;193.5251799;6.820143885;2065.669065
18.10.2022;eva2023;EVA_1_BF;Fe;As;2;feuille;230112_IH_GLS_sample_4-26;9.30171278;565.5599473;166.8774704;87.58893281;274.8616601;0.737812912;889.7496706;293.7022398;57.89196311;25.03293808;213.201581;4.505928854;2589.011858
18.10.2022;eva2023;EVA_1_BF;Fe;As;2;feuille;230112_IH_GLS_sample_4-27;4.511784512;323.4680135;55.89225589;65.08417508;181.2457912;0.572390572;576.7676768;119.6969697;34.68013468;18.55218855;97.34006734;2.592592593;1480.40404
18.10.2022;eva2023;EVA_1_BF;An;As;2;feuille;230112_IH_GLS_sample_4-28;13.44481605;758.9297659;308.0602007;59.73244147;304.7826087;1.772575251;521.9063545;168.1605351;69.1638796;32.7090301;306.0200669;4.581939799;2549.264214
18.10.2022;eva2023;EVA_1_BF;An;As;2;feuille;230112_IH_GLS_sample_4-29;5.22556391;393.4210526;73.57142857;60.93984962;100.1879699;3.458646617;224.5112782;295.7518797;38.79699248;22.93233083;358.4210526;2.481203008;1579.699248
18.10.2022;eva2023;EVA_1_BF;An;As;2;feuille;230112_IH_GLS_sample_4-30;11.74852652;589.4302554;272.6129666;60.94302554;169.7445972;1.060903733;307.3870334;116.1100196;44.95088409;22.043222;388.8408644;3.497053045;1988.369352
18.10.2022;eva2023;EVA_1_BF;Ma;As;2;feuille;230112_IH_GLS_sample_4-31;8.244575937;297.3175542;168.0473373;49.74358974;228.7573964;0.828402367;600.2761341;183.3925049;24.53648915;14.24063116;62.99802761;8.915187377;1647.29783
18.10.2022;eva2023;EVA_1_BF;Ma;As;2;feuille;230112_IH_GLS_sample_4-32;8.935281837;179.7077244;150.8141962;22.96450939;84.38413361;0.918580376;129.519833;80.08350731;11.02296451;10.56367432;52.48434238;4.634655532;736.0334029
18.10.2022;eva2023;EVA_1_BF;Ma;As;2;feuille;230112_IH_GLS_sample_4-33;21.60676533;430.8668076;404.7357294;33.4038055;204.9471459;1.522198732;325.243129;130.4016913;25.24312896;19.15433404;55.5602537;9.513742072;1662.198732
18.10.2022;eva2023;EVA_1_BF;Ex;As;2;feuille;230112_IH_GLS_sample_4-34;12.56017505;271.7286652;82.97592998;39.64989059;104.463895;0.962800875;185.95186;390.1094092;24.28884026;25.95185996;329.4967177;1.925601751;1470.065646
18.10.2022;eva2023;EVA_1_BF;Ex;As;2;feuille;230112_IH_GLS_sample_4-35;23.5207824;414.0342298;299.5110024;41.95599022;276.3569682;1.393643032;435.3545232;585.3056235;45.8190709;33.0806846;186.3814181;4.792176039;2347.506112
18.10.2022;eva2023;EVA_1_BF;Ex;As;2;feuille;230112_IH_GLS_sample_4-36;9.703588144;366.1466459;108.549142;65.6474259;134.5397816;1.404056162;325.6786271;680.8424337;54.88299532;31.45085803;542.6833073;3.307332293;2324.836193
18.10.2022;eva2023;EVA_1_BF;Fe;Mo;2;feuille;230112_IH_GLS_sample_4-37;25.96078431;370.0392157;199.5294118;73.05882353;137.6862745;0.745098039;380.6666667;479.7254902;44.23529412;30.47058824;377.0980392;2.549019608;2121.764706
18.10.2022;eva2023;EVA_1_BF;Fe;Mo;2;feuille;230112_IH_GLS_sample_4-38;11.53439153;416.6843034;245.7495591;67.90123457;301.9047619;0.49382716;733.4744268;262.1164021;81.26984127;26.94885362;146.7372134;7.301587302;2302.116402
18.10.2022;eva2023;EVA_1_BF;Fe;Mo;2;feuille;230112_IH_GLS_sample_4-39;16.62790698;518.4302326;237.2674419;79.09883721;308.4302326;1.686046512;788.2267442;548.4883721;102.8488372;38.40116279;317.9069767;4.709302326;2962.122093
18.10.2022;eva2023;EVA_1_BF;Ma;Mo;2;feuille;230112_IH_GLS_sample_4-40;122.6033058;363.7603306;422.0247934;40.33057851;205.8264463;3.181818182;252.231405;1547.438017;87.60330579;41.94214876;672.6859504;9.173553719;3768.801653
18.10.2022;eva2023;EVA_1_BF;Ma;Mo;2;feuille;230112_IH_GLS_sample_4-41;122.5614035;711.3333333;634.5964912;66.49122807;224.6666667;3.578947368;309.5438596;813.7894737;110.2105263;49.12280702;718.245614;8.49122807;3772.631579
18.10.2022;eva2023;EVA_1_BF;Ma;Mo;2;feuille;230112_IH_GLS_sample_4-42;52.55520505;536.4984227;294.8580442;70.15772871;54.63722397;0.914826498;157.444795;878.6435331;9.652996845;36.15141956;548.3596215;3.596214511;2643.470032
18.10.2022;eva2023;EVA_1_BF;An;Mo;2;feuille;230112_IH_GLS_sample_4-43;24.11889597;234.0552017;187.940552;30.61571125;93.97027601;1.18895966;163.1422505;340.4246285;44.28874735;32.18683652;586.4543524;4.076433121;1742.462845
18.10.2022;eva2023;EVA_1_BF;An;Mo;2;feuille;230112_IH_GLS_sample_4-44;5.181950509;209.7234352;48.67540029;64.27947598;91.47016012;9.257641921;296.4483261;273.6535662;28.09315866;17.14701601;371.2954876;1.892285298;1417.117904
18.10.2022;eva2023;EVA_1_BF;An;Mo;2;feuille;230112_IH_GLS_sample_4-45;41.4893617;254.4680851;220.4680851;39.0212766;64.68085106;0.723404255;87.53191489;275.5319149;70.08510638;26.42553191;996.893617;1.829787234;2079.148936
18.10.2022;eva2023;EVA_1_BF;Ex;Mo;2;feuille;230112_IH_GLS_sample_4-46;22.88159772;173.6091298;112.6676177;39.25820257;63.62339515;1.084165478;145.2211127;703.0527817;42.53922967;23.99429387;366.5335235;2.168330956;1696.633381
18.10.2022;eva2023;EVA_1_BF;Ex;Mo;2;feuille;230112_IH_GLS_sample_4-47;17.94425087;158.8501742;104.1811847;37.94425087;63.65853659;0.801393728;141.1149826;586.4808362;27.97909408;27.45644599;310.3484321;3.031358885;1479.790941
18.10.2022;eva2023;EVA_1_BF;Ex;Mo;2;feuille;230112_IH_GLS_sample_4-48;2.528445006;112.5916561;26.14412137;34.63969659;36.61188369;1.921618205;191.908976;739.721871;11.32743363;24.07079646;185.2338812;3.135271808;1369.835651
18.10.2022;eva2023;EVA_1_BF;Fe;As;3;feuille;230112_IH_GLS_sample_4-49;9.98509687;527.7198212;304.4411326;68.70342772;480.1490313;1.639344262;1187.09389;212.4292101;101.2220566;27.48137109;95.64828614;6.885245902;3023.397914
18.10.2022;eva2023;EVA_1_BF;Fe;As;3;feuille;230112_IH_GLS_sample_4-50;19.22131148;494.5901639;377.9098361;54.46721311;291.147541;1.06557377;716.2704918;449.0163934;53.1147541;34.3852459;154.5491803;6.393442623;2652.131148
18.10.2022;eva2023;EVA_1_BF;Fe;As;3;feuille;230112_IH_GLS_sample_4-51;25.57029178;362.0689655;236.5517241;55.96816976;222.8912467;0.981432361;542.5464191;811.1140584;91.53846154;31.93633952;270.66313;5.437665782;2657.267905
18.10.2022;eva2023;EVA_1_BF;Ex;As;3;feuille;230112_IH_GLS_sample_4-52;25.07352941;281.7647059;187.3161765;43.01470588;171.2867647;1.397058824;283.3823529;505;56.65441176;27.46323529;275.6985294;4.522058824;1862.573529
18.10.2022;eva2023;EVA_1_BF;Ex;As;3;feuille;230112_IH_GLS_sample_4-53;5.647425897;183.8065523;90.42121685;31.48205928;187.7067083;2.371294852;412.2308892;104.3057722;52.23088924;10.10920437;22.96411856;8.673946958;1111.950078
18.10.2022;eva2023;EVA_1_BF;Ex;As;3;feuille;230112_IH_GLS_sample_4-54;17.40370899;425.8202568;215.8630528;72.81027104;250.3851641;2.111269615;554.6077033;680.1997147;68.7874465;30.55634807;288.2453638;3.281027104;2610.071327
18.10.2022;eva2023;EVA_1_BF;An;As;3;feuille;230112_IH_GLS_sample_4-55;7.450980392;534.2602496;126.8805704;55.54367201;359.8930481;2.103386809;588.5561497;215.2228164;85.13368984;35.82887701;211.087344;5.490196078;2227.45098
18.10.2022;eva2023;EVA_1_BF;An;As;3;feuille;230112_IH_GLS_sample_4-56;15;344.4791667;301.5885417;47.5;225.7291667;1.927083333;423.8541667;208.3333333;42.44791667;33.56770833;261.484375;6.848958333;1912.760417
18.10.2022;eva2023;EVA_1_BF;An;As;3;feuille;230112_IH_GLS_sample_4-57;11.42857143;461.5413534;367.9699248;48.04511278;395.3759398;2.030075188;666.8796992;221.9172932;88.72180451;33.53383459;165.8646617;9.84962406;2473.157895
18.10.2022;eva2023;EVA_1_BF;Ma;As;3;feuille;230112_IH_GLS_sample_4-58;57.57673667;424.9434572;281.9709208;88.14216478;62.81098546;1.680129241;163.9741519;568.9499192;36.47819063;28.23909532;568.8529887;3.877221325;2287.495961
18.10.2022;eva2023;EVA_1_BF;Ma;As;3;feuille;230112_IH_GLS_sample_4-59;44.74576271;577.6579353;275.0077042;74.79198767;120.8628659;2.742681048;293.2819723;605.4853621;54.42218798;28.93682589;545.0231125;3.389830508;2626.348228
18.10.2022;eva2023;EVA_1_BF;Ma;As;3;feuille;230112_IH_GLS_sample_4-60;72.35209235;471.6594517;514.8917749;51.54401154;238.6724387;2.02020202;310.4184704;572.3520924;166.4069264;18.81673882;234.8629149;6.608946609;2660.606061
18.10.2022;eva2023;EVA_1_BF;Fe;Mo;3;feuille;230112_IH_GLS_sample_4-61;7.215815486;496.1120264;114.5634267;73.21252059;404.3163097;1.120263591;1022.668863;330.0164745;106.1943987;17.29818781;114.9588138;6.65568369;2694.332784
18.10.2022;eva2023;EVA_1_BF;Fe;Mo;3;feuille;230112_IH_GLS_sample_4-62;9.331797235;313.640553;118.4331797;68.5483871;167.9723502;0.622119816;442.1889401;245.1382488;47.02764977;19.17050691;132.5345622;3.456221198;1568.064516
18.10.2022;eva2023;EVA_1_BF;Fe;Mo;3;feuille;230112_IH_GLS_sample_4-63;4.782608696;411.6304348;95;63.91304348;275.8423913;0.733695652;837.0652174;254.7282609;74.18478261;16.71195652;88.58695652;3.342391304;2126.521739
18.10.2022;eva2023;EVA_1_BF;Ex;Mo;3;feuille;230112_IH_GLS_sample_4-64;22.74576271;451.3559322;175.2542373;74.6779661;224.779661;2.169491525;375.7966102;998.7118644;58.77966102;33.3559322;370.9491525;3.593220339;2792.169492
18.10.2022;eva2023;EVA_1_BF;Ex;Mo;3;feuille;230112_IH_GLS_sample_4-65;4.931506849;281.6780822;70.44520548;46.47260274;150.8561644;10.17123288;340.6506849;641.609589;40.4109589;35.47945205;511.0616438;3.52739726;2137.294521
18.10.2022;eva2023;EVA_1_BF;Ex;Mo;3;feuille;230112_IH_GLS_sample_4-66;4.075993092;206.5284974;52.36614853;32.5388601;110.6735751;0.725388601;257.9274611;336.4766839;40.44905009;17.3402418;141.5544041;2.210708117;1202.867012
18.10.2022;eva2023;EVA_1_BF;Ma;Mo;3;feuille;230112_IH_GLS_sample_4-67;10.90403338;339.2211405;220.4450626;36.63421419;197.4408901;1.112656467;439.2767733;209.9860918;26.00834492;17.57997218;31.62726008;7.92767733;1538.164117
18.10.2022;eva2023;EVA_1_BF;Ma;Mo;3;feuille;230112_IH_GLS_sample_4-68;13.02547771;322.6433121;208.1528662;28.08917197;102.2929936;1.369426752;164.7770701;194.3949045;14.45859873;14.01273885;110.8598726;4.012738854;1178.089172
18.10.2022;eva2023;EVA_1_BF;Ma;Mo;3;feuille;230112_IH_GLS_sample_4-69;47.79089376;570.623946;299.5952782;56.22259696;120.2698145;3.372681282;198.3136594;403.9123103;37.53794266;26.67790894;404.0809444;3.743676223;2172.141653
18.10.2022;eva2023;EVA_1_BF;An;Mo;3;feuille;230112_IH_GLS_sample_4-70;12.52713178;370.4496124;183.1317829;74.41860465;122.5736434;1.488372093;310.0465116;170.1085271;49.42635659;29.70542636;392.4031008;4.093023256;1720.372093
18.10.2022;eva2023;EVA_1_BF;An;Mo;3;feuille;230112_IH_GLS_sample_4-71;6.954022989;249.3390805;91.58045977;66.58045977;108.3908046;7.701149425;276.8390805;419.3678161;36.09195402;29.71264368;514.3678161;5.229885057;1812.155172
18.10.2022;eva2023;EVA_1_BF;An;Mo;3;feuille;230112_IH_GLS_sample_4-72;7.717391304;212.2826087;53.69565217;57.78985507;76.70289855;1.15942029;155.1086957;129.8913043;35.43478261;23.98550725;538.8043478;2.31884058;1294.891304
03.10.2023;eva2024;EVA_2_BF;Fe;Mo;1;feuille;240108_LM_GLS_colza_sample_1;23.58346095;356.5084227;203.0627871;26.64624809;242.5727412;0.918836141;319.754977;729.5558959;37.05972435;60.6431853;608.8820827;10.10719755;2619.295559
03.10.2023;eva2024;EVA_2_BF;Fe;Mo;1;feuille;240108_LM_GLS_colza_sample_2;0;8.4;4.4;0;6;0;8.4;12;0;0;12;0;51.2
03.10.2023;eva2024;EVA_2_BF;Fe;Mo;1;feuille;240108_LM_GLS_colza_sample_3;31.07142857;293.9285714;235.7142857;17.14285714;274.6428571;1.428571429;258.5714286;572.8571429;43.92857143;60.71428571;473.5714286;5.357142857;2268.928571
03.10.2023;eva2024;EVA_2_BF;Ma;Mo;1;feuille;240108_LM_GLS_colza_sample_4;111.6541353;684.962406;651.1278195;29.32330827;611.2781955;6.766917293;344.7368421;840.9774436;74.06015038;81.20300752;326.6917293;14.66165414;3777.443609
03.10.2023;eva2024;EVA_2_BF;Ma;Mo;1;feuille;240108_LM_GLS_colza_sample_5;126.6447368;534.2105263;576.6447368;22.03947368;397.6973684;5.592105263;222.3684211;1181.907895;63.81578947;106.25;796.7105263;8.881578947;4042.763158
03.10.2023;eva2024;EVA_2_BF;Ma;Mo;1;feuille;240108_LM_GLS_colza_sample_6;67.80952381;444.5714286;531.4285714;19.42857143;510.0952381;7.238095238;262.0952381;418.6666667;82.66666667;62.47619048;93.71428571;24.38095238;2524.571429
03.10.2023;eva2024;EVA_2_BF;An;Mo;1;feuille;240108_LM_GLS_colza_sample_7;53.79746835;487.0253165;431.9620253;21.83544304;547.7848101;1.898734177;281.9620253;389.556962;68.35443038;51.26582278;564.2405063;12.97468354;2912.658228
03.10.2023;eva2024;EVA_2_BF;An;Mo;1;feuille;240108_LM_GLS_colza_sample_8;21.76870748;241.1564626;122.7891156;23.46938776;145.5782313;11.2244898;154.4217687;643.537415;35.03401361;51.02040816;480.6122449;5.102040816;1935.714286
03.10.2023;eva2024;EVA_2_BF;An;Mo;1;feuille;240108_LM_GLS_colza_sample_9;43.40770791;343.2048682;265.7200811;19.47261663;352.535497;0;160.6490872;321.703854;57.60649087;66.53144016;1570.791075;8.92494929;3210.547667
03.10.2023;eva2024;EVA_2_BF;Fe;As;1;feuille;240108_LM_GLS_colza_sample_10;7.638888889;334.0277778;154.1666667;31.94444444;194.0972222;4.861111111;366.3194444;496.5277778;28.47222222;50.69444444;239.5833333;9.375;1917.708333
03.10.2023;eva2024;EVA_2_BF;Fe;As;1;feuille;240108_LM_GLS_colza_sample_11;28.61896839;204.6589018;196.672213;13.64392679;198.0033278;2.995008319;213.3111481;629.2845258;55.24126456;44.59234609;322.1297837;7.65391015;1916.805324
03.10.2023;eva2024;EVA_2_BF;Fe;As;1;feuille;240108_LM_GLS_colza_sample_12;31.1827957;258.0645161;264.516129;18.63799283;241.5770609;3.584229391;222.2222222;586.0215054;49.10394265;41.57706093;265.2329749;7.885304659;1989.605735
03.10.2023;eva2024;EVA_2_BF;Ma;As;1;feuille;240108_LM_GLS_colza_sample_13;87.42004264;365.4584222;412.793177;23.45415778;345.8422175;6.823027719;221.3219616;1402.985075;69.93603412;91.68443497;514.2857143;13.64605544;3555.65032
03.10.2023;eva2024;EVA_2_BF;Ma;As;1;feuille;240108_LM_GLS_colza_sample_14;47.43083004;507.9051383;415.0197628;17.78656126;406.7193676;3.162055336;257.7075099;387.3517787;58.89328063;43.08300395;132.8063241;13.43873518;2291.304348
03.10.2023;eva2024;EVA_2_BF;Ma;As;1;feuille;240108_LM_GLS_colza_sample_15;53.19148936;313.1914894;305.5319149;16.17021277;265.106383;8.085106383;188.9361702;547.6595745;44.68085106;53.61702128;231.4893617;17.0212766;2044.680851
03.10.2023;eva2024;EVA_2_BF;An;As;1;feuille;240108_LM_GLS_colza_sample_16;24.4488978;436.8737475;321.8436874;34.86973948;476.1523046;2.805611222;377.1543086;305.01002;71.34268537;38.47695391;359.1182365;12.4248497;2460.521042
03.10.2023;eva2024;EVA_2_BF;An;As;1;feuille;240108_LM_GLS_colza_sample_17;36.04240283;625.0883392;312.3674912;36.74911661;403.5335689;3.533568905;275.2650177;493.639576;54.77031802;47.70318021;965.3710247;6.360424028;3260.424028
03.10.2023;eva2024;EVA_2_BF;An;As;1;feuille;240108_LM_GLS_colza_sample_18;0;8.130081301;5.149051491;0;6.775067751;0;6.233062331;8.130081301;0.27100271;0;14.63414634;0;49.32249322
03.10.2023;eva2024;EVA_2_BF;An;Mo;2;feuille;240108_LM_GLS_colza_sample_19;134.5070423;556.3380282;577.8169014;32.74647887;464.4366197;3.521126761;288.7323944;733.4507042;63.02816901;51.76056338;394.7183099;12.32394366;3313.380282
03.10.2023;eva2024;EVA_2_BF;An;Mo;2;feuille;240108_LM_GLS_colza_sample_20;92.07920792;784.8184818;579.2079208;33.99339934;599.009901;8.910891089;470.2970297;566.3366337;68.64686469;39.9339934;475.2475248;11.22112211;3729.70297
03.10.2023;eva2024;EVA_2_BF;An;Mo;2;feuille;240108_LM_GLS_colza_sample_21;97.09401709;856.0683761;652.3076923;28.03418803;713.8461538;4.444444444;325.4700855;487.8632479;73.5042735;40.68376068;203.4188034;10.25641026;3492.991453
03.10.2023;eva2024;EVA_2_BF;Fe;Mo;2;feuille;240108_LM_GLS_colza_sample_22;18.38006231;185.3582555;161.682243;10.90342679;196.5732087;1.557632399;165.4205607;638.6292835;31.77570093;40.18691589;400.9345794;8.411214953;1859.813084
03.10.2023;eva2024;EVA_2_BF;Fe;Mo;2;feuille;240108_LM_GLS_colza_sample_23;30.21868787;326.4413519;238.5685885;27.03777336;289.4632207;8.349900596;333.5984095;553.0815109;37.77335984;37.37574553;382.9025845;8.747514911;2273.558648
03.10.2023;eva2024;EVA_2_BF;Fe;Mo;2;feuille;240108_LM_GLS_colza_sample_24;54.08805031;357.6519916;404.6121593;23.06079665;390.3563941;3.354297694;318.2389937;604.1928721;54.08805031;40.25157233;546.3312369;13.83647799;2810.062893
03.10.2023;eva2024;EVA_2_BF;Ma;Mo;2;feuille;240108_LM_GLS_colza_sample_25;41.03512015;217.3752311;207.7634011;16.63585952;158.5951941;1.848428835;96.85767098;481.7005545;37.33826248;48.05914972;658.0406654;8.133086876;1973.382625
03.10.2023;eva2024;EVA_2_BF;Ma;Mo;2;feuille;240108_LM_GLS_colza_sample_26;33.49436393;216.4251208;277.294686;14.49275362;261.5136876;2.898550725;161.0305958;666.0225443;59.58132045;52.17391304;807.4074074;8.373590982;2560.708535
03.10.2023;eva2024;EVA_2_BF;Ma;Mo;2;feuille;240108_LM_GLS_colza_sample_27;25;119.5833333;114.1666667;8.333333333;77.91666667;1.25;57.08333333;537.9166667;31.25;31.66666667;412.0833333;7.5;1423.75
03.10.2023;eva2024;EVA_2_BF;An;As;2;feuille;240108_LM_GLS_colza_sample_28;63.37817638;366.8161435;394.9177877;16.74140508;364.1255605;10.46337818;259.1928251;812.8550075;66.06875934;41.55455904;252.0179372;16.14349776;2664.275037
03.10.2023;eva2024;EVA_2_BF;An;As;2;feuille;240108_LM_GLS_colza_sample_29;168.683274;533.4519573;584.6975089;23.48754448;522.0640569;9.608540925;236.2989324;1012.811388;84.6975089;55.16014235;658.7188612;9.252669039;3898.932384
03.10.2023;eva2024;EVA_2_BF;An;As;2;feuille;240108_LM_GLS_colza_sample_30;35.1687389;161.634103;222.7353464;9.946714032;147.7797513;14.56483126;111.1900533;655.062167;40.85257549;31.61634103;238.0106572;10.65719361;1679.218472
03.10.2023;eva2024;EVA_2_BF;Fe;As;2;feuille;240108_LM_GLS_colza_sample_31;29.53271028;328.9719626;305.046729;22.80373832;378.6915888;2.61682243;352.8971963;431.0280374;51.21495327;23.92523364;197.7570093;14.57943925;2139.065421
03.10.2023;eva2024;EVA_2_BF;Fe;As;2;feuille;240108_LM_GLS_colza_sample_32;49.81818182;459.6363636;346.1818182;26.90909091;378.1818182;2.909090909;320.3636364;564.3636364;49.09090909;32.72727273;925.0909091;9.090909091;3164.363636
03.10.2023;eva2024;EVA_2_BF;Fe;As;2;feuille;240108_LM_GLS_colza_sample_33;30.95652174;446.9565217;282.4347826;30.95652174;436.8695652;1.391304348;514.7826087;535.6521739;59.47826087;23.65217391;507.4782609;6.260869565;2876.869565
03.10.2023;eva2024;EVA_2_BF;Ma;As;2;feuille;240108_LM_GLS_colza_sample_34;19.39655172;175.862069;152.1551724;15.94827586;182.7586207;1.293103448;122.8448276;310.3448276;29.31034483;34.9137931;341.3793103;18.10344828;1404.310345
03.10.2023;eva2024;EVA_2_BF;Ma;As;2;feuille;240108_LM_GLS_colza_sample_35;17.68707483;346.9387755;222.0408163;32.65306122;282.9931973;2.993197279;293.0612245;261.4965986;36.73469388;31.83673469;905.5782313;6.530612245;2440.544218
03.10.2023;eva2024;EVA_2_BF;Ma;As;2;feuille;240108_LM_GLS_colza_sample_36;14.4295302;259.0604027;140.9395973;19.12751678;253.3557047;8.389261745;286.2416107;684.2281879;45.97315436;37.58389262;705.3691275;11.74496644;2466.442953
03.10.2023;eva2024;EVA_2_BF;Ma;Mo;3;feuille;240108_LM_GLS_colza_sample_37;156.0483871;549.5967742;655.6451613;29.43548387;449.5967742;8.064516129;273.7903226;970.1612903;67.74193548;45.96774194;625;13.70967742;3844.758065
03.10.2023;eva2024;EVA_2_BF;Ma;Mo;3;feuille;240108_LM_GLS_colza_sample_38;105.0847458;397.3634652;386.440678;21.84557439;248.5875706;4.896421846;157.0621469;1013.182674;53.8606403;41.05461394;1021.845574;5.649717514;3456.873823
03.10.2023;eva2024;EVA_2_BF;Ma;Mo;3;feuille;240108_LM_GLS_colza_sample_39;90.06928406;526.5588915;447.113164;22.63279446;323.7875289;4.15704388;168.1293303;439.26097;24.94226328;26.78983834;211.5473441;5.542725173;2290.531178
03.10.2023;eva2024;EVA_2_BF;An;Mo;3;feuille;240108_LM_GLS_colza_sample_40;46.62813102;357.9961464;294.026975;26.58959538;281.3102119;1.926782274;188.8246628;659.344894;50.86705202;45.0867052;847.7842004;8.477842004;2808.863198
03.10.2023;eva2024;EVA_2_BF;An;Mo;3;feuille;240108_LM_GLS_colza_sample_41;37.29508197;279.5081967;220.9016393;15.98360656;204.9180328;1.639344262;103.2786885;454.5081967;46.31147541;48.7704918;2405.327869;6.147540984;3824.590164
03.10.2023;eva2024;EVA_2_BF;An;Mo;3;feuille;240108_LM_GLS_colza_sample_42;0;4.635761589;3.973509934;0;5.629139073;0;5.960264901;6.953642384;0;0;4.966887417;0;32.1192053
03.10.2023;eva2024;EVA_2_BF;Fe;Mo;3;feuille;240108_LM_GLS_colza_sample_43;40.74844075;339.7089397;286.4864865;29.10602911;273.1808732;3.326403326;284.8232848;698.960499;38.25363825;32.43243243;949.6881497;6.237006237;2982.952183
03.10.2023;eva2024;EVA_2_BF;Fe;Mo;3;feuille;240108_LM_GLS_colza_sample_44;34.86529319;455.4675119;374.6434231;29.79397781;352.4564184;2.218700475;342.6307448;514.7385103;42.15530903;32.01267829;856.1014263;6.973058637;3044.057052
03.10.2023;eva2024;EVA_2_BF;Fe;Mo;3;feuille;240108_LM_GLS_colza_sample_45;29.44550669;215.6787763;214.5315488;17.59082218;196.5583174;1.912045889;173.6137667;395.0286807;36.32887189;19.88527725;344.9330784;9.942638623;1655.449331
03.10.2023;eva2024;EVA_2_BF;Ma;As;3;feuille;240108_LM_GLS_colza_sample_46;105.4766734;417.8498986;529.0060852;23.12373225;350.5070994;8.92494929;194.7261663;819.8782961;32.86004057;40.56795132;364.7058824;10.14198783;2897.768763
03.10.2023;eva2024;EVA_2_BF;Ma;As;3;feuille;240108_LM_GLS_colza_sample_47;42.75618375;162.5441696;206.0070671;8.833922261;146.9964664;9.540636042;100.3533569;781.6254417;47.70318021;28.62190813;408.8339223;10.9540636;1954.770318
03.10.2023;eva2024;EVA_2_BF;Ma;As;3;feuille;240108_LM_GLS_colza_sample_48;38.04537522;169.2844677;198.6038394;11.51832461;127.399651;5.933682373;90.7504363;533.3333333;47.12041885;26.87609075;199.6509599;17.10296684;1465.619546
03.10.2023;eva2024;EVA_2_BF;An;As;3;feuille;240108_LM_GLS_colza_sample_49;6.653620352;74.36399217;46.9667319;7.82778865;25.44031311;0;26.61448141;281.0176125;22.30919765;19.96086106;488.0626223;4.305283757;1003.522505
03.10.2023;eva2024;EVA_2_BF;An;As;3;feuille;240108_LM_GLS_colza_sample_50;18.97810219;206.9343066;162.7737226;15.32846715;189.7810219;3.649635036;117.5182482;358.0291971;32.11678832;29.5620438;351.0948905;7.299270073;1493.065693
03.10.2023;eva2024;EVA_2_BF;An;As;3;feuille;240108_LM_GLS_colza_sample_51;32.71221532;233.9544513;232.7122153;14.9068323;227.7432712;4.140786749;121.7391304;557.7639752;36.85300207;36.4389234;726.7080745;7.867494824;2233.540373
03.10.2023;eva2024;EVA_2_BF;Fe;As;3;feuille;240108_LM_GLS_colza_sample_52;34.31542461;804.1594454;433.2755633;50.60658579;583.3622184;2.772963605;631.542461;526.169844;74.17677643;20.79722704;410.3986135;6.239168111;3577.816291
03.10.2023;eva2024;EVA_2_BF;Fe;As;3;feuille;240108_LM_GLS_colza_sample_53;28.97384306;511.0663984;244.2655936;29.77867203;275.2515091;1.609657948;274.4466801;428.5714286;36.61971831;15.69416499;557.3440644;2.816901408;2406.438632
03.10.2023;eva2024;EVA_2_BF;Fe;As;3;feuille;240108_LM_GLS_colza_sample_54;29.05027933;730.3538175;375.0465549;54.37616387;428.3054004;3.351955307;624.9534451;694.972067;56.23836127;27.18808194;667.7839851;5.959031657;3697.579143
03.10.2023;eva2024;EVA_2_BF;An;Mo;4;feuille;240108_LM_GLS_colza_sample_55;18.0887372;470.9897611;331.7406143;27.30375427;435.1535836;1.023890785;314.334471;233.447099;43.68600683;22.52559727;471.331058;7.167235495;2376.791809
03.10.2023;eva2024;EVA_2_BF;An;Mo;4;feuille;240108_LM_GLS_colza_sample_56;21.42857143;324.0601504;237.9699248;19.54887218;306.7669173;5.263157895;162.7819549;258.6466165;49.62406015;34.58646617;989.8496241;6.390977444;2416.917293
03.10.2023;eva2024;EVA_2_BF;An;Mo;4;feuille;240108_LM_GLS_colza_sample_57;37.94871795;449.9145299;316.5811966;23.93162393;375.042735;1.367521368;227.008547;419.1452991;51.28205128;28.71794872;695.042735;6.495726496;2632.478632
03.10.2023;eva2024;EVA_2_BF;Ma;Mo;4;feuille;240108_LM_GLS_colza_sample_58;39.40520446;216.3568773;178.0669145;13.75464684;139.4052045;3.717472119;101.4869888;527.8810409;59.10780669;20.81784387;225.2788104;14.49814126;1539.776952
03.10.2023;eva2024;EVA_2_BF;Ma;Mo;4;feuille;240108_LM_GLS_colza_sample_59;69.12280702;290.1754386;378.245614;10.52631579;284.2105263;5.263157895;94.73684211;286.3157895;25.26315789;18.24561404;80.70175439;4.561403509;1547.368421
03.10.2023;eva2024;EVA_2_BF;Ma;Mo;4;feuille;240108_LM_GLS_colza_sample_60;36.74242424;319.3181818;349.6212121;12.87878788;272.3484848;2.272727273;146.5909091;272.3484848;26.89393939;18.93939394;106.0606061;6.439393939;1570.454545
03.10.2023;eva2024;EVA_2_BF;Fe;Mo;4;feuille;240108_LM_GLS_colza_sample_61;24.08874802;189.8573693;173.0586371;14.26307448;156.2599049;5.071315372;211.0935024;573.6925515;30.42789223;28.84310618;416.481775;6.973058637;1830.110935
03.10.2023;eva2024;EVA_2_BF;Fe;Mo;4;feuille;240108_LM_GLS_colza_sample_62;28.61271676;156.6473988;198.265896;11.2716763;152.0231214;1.734104046;133.5260116;597.9768786;30.92485549;24.27745665;645.0867052;3.468208092;1983.815029
03.10.2023;eva2024;EVA_2_BF;Fe;Mo;4;feuille;240108_LM_GLS_colza_sample_63;38.78787879;157.1717172;188.2828283;15.75757576;124.040404;0;116.7676768;531.7171717;34.74747475;18.98989899;509.8989899;8.888888889;1745.050505
03.10.2023;eva2024;EVA_2_BF;An;As;4;feuille;240108_LM_GLS_colza_sample_64;35.68773234;254.2750929;240.5204461;19.33085502;209.2936803;1.486988848;146.4684015;522.3048327;63.19702602;33.82899628;826.7657993;7.434944238;2360.594796
03.10.2023;eva2024;EVA_2_BF;An;As;4;feuille;240108_LM_GLS_colza_sample_65;13.84335155;134.7905282;151.1839709;13.47905282;108.9253188;2.18579235;109.6539162;366.1202186;40.07285974;24.04371585;536.9763206;6.193078324;1507.468124
03.10.2023;eva2024;EVA_2_BF;An;As;4;feuille;240108_LM_GLS_colza_sample_66;15.41501976;126.4822134;92.09486166;16.60079051;54.15019763;1.185770751;50.59288538;511.8577075;17.78656126;26.87747036;926.0869565;3.557312253;1842.687747
03.10.2023;eva2024;EVA_2_BF;Ma;As;4;feuille;240108_LM_GLS_colza_sample_67;120.5047319;609.148265;633.1230284;24.92113565;586.7507886;9.463722397;259.3059937;572.2397476;68.13880126;28.07570978;272.2397476;15.14195584;3199.053628
03.10.2023;eva2024;EVA_2_BF;Ma;As;4;feuille;240108_LM_GLS_colza_sample_68;67.35112936;236.1396304;253.798768;11.49897331;205.338809;4.106776181;98.97330595;433.6755647;27.51540041;22.17659138;179.4661191;5.749486653;1545.790554
03.10.2023;eva2024;EVA_2_BF;Ma;As;4;feuille;240108_LM_GLS_colza_sample_69;84.5124283;472.2753346;435.1816444;27.5334608;281.4531549;3.4416826;189.6749522;736.1376673;58.89101338;27.5334608;340.3441683;8.413001912;2665.391969
03.10.2023;eva2024;EVA_2_BF;Fe;As;4;feuille;240108_LM_GLS_colza_sample_70;25;191.1290323;128.6290323;20.56451613;112.9032258;0.403225806;185.0806452;439.1129032;19.35483871;14.11290323;364.9193548;4.435483871;1505.645161
03.10.2023;eva2024;EVA_2_BF;Fe;As;4;feuille;240108_LM_GLS_colza_sample_71;23.45276873;326.3843648;224.7557003;28.33876221;201.6286645;2.605863192;270.3583062;512.7035831;32.5732899;21.17263844;578.5016287;7.166123779;2229.641694
03.10.2023;eva2024;EVA_2_BF;Fe;As;4;feuille;240108_LM_GLS_colza_sample_72;31.04;445.76;316.48;30.08;288.32;0.64;369.6;857.92;48.32;26.88;685.44;4.8;3105.28
20.02.2024;eva2024;EVA_2_AF;An;Mo;1;feuille;240507_LM_GLS_Sample_1;0;343.6447167;17.15160796;49.92343032;103.2159265;0;528.330781;9.800918836;7.963246554;7.656967841;4.594180704;1.531393568;1073.81317
20.02.2024;eva2024;EVA_2_AF;An;Mo;1;feuille;240507_LM_GLS_Sample_2;0.361663653;796.7450271;40.50632911;98.37251356;249.5479204;0;1045.56962;26.40144665;35.08137432;23.86980108;37.61301989;4.339963834;2358.40868
20.02.2024;eva2024;EVA_2_AF;An;Mo;1;feuille;240507_LM_GLS_Sample_3;0;414.893617;15.95744681;81.56028369;168.4397163;0;920.9219858;20.21276596;17.73049645;17.37588652;22.69503546;2.836879433;1682.624113
20.02.2024;eva2024;EVA_2_AF;Ma;Mo;1;feuille;240507_LM_GLS_Sample_4;1.048951049;195.8041958;124.4755245;34.26573427;111.1888112;0.699300699;619.5804196;35.31468531;5.594405594;5.944055944;8.741258741;1.048951049;1143.706294
20.02.2024;eva2024;EVA_2_AF;Ma;Mo;1;feuille;240507_LM_GLS_Sample_5;1.544401544;489.5752896;210.03861;69.4980695;112.7413127;0.772200772;786.8725869;30.88803089;9.652509653;8.88030888;21.62162162;4.247104247;1746.332046
20.02.2024;eva2024;EVA_2_AF;Ma;Mo;1;feuille;240507_LM_GLS_Sample_6;2.234636872;400;162.3836127;78.95716946;201.4897579;1.862197393;1321.042831;90.87523277;16.01489758;15.6424581;26.44320298;3.351955307;2320.297952
20.02.2024;eva2024;EVA_2_AF;Fe;Mo;1;feuille;240507_LM_GLS_Sample_7;0.698080279;253.4031414;72.60034904;32.11169284;116.9284468;0;428.6212914;14.31064572;5.235602094;5.235602094;9.42408377;1.745200698;940.3141361
20.02.2024;eva2024;EVA_2_AF;Fe;Mo;1;feuille;240507_LM_GLS_Sample_8;1.03626943;369.6027634;67.35751295;51.8134715;173.0569948;1.727115717;692.9188256;23.83419689;6.21761658;11.74438687;18.99827288;1.727115717;1420.034542
20.02.2024;eva2024;EVA_2_AF;Fe;Mo;1;feuille;240507_LM_GLS_Sample_9;0;112.3636364;20.36363636;14.18181818;74.18181818;0;253.8181818;5.090909091;1.818181818;3.636363636;2.181818182;0.727272727;488.3636364
20.02.2024;eva2024;EVA_2_AF;An;As;1;feuille;240507_LM_GLS_Sample_10;0;209.1710758;10.93474427;36.33156966;119.5767196;0;493.1216931;4.585537919;5.643738977;4.232804233;2.469135802;1.058201058;887.1252205
20.02.2024;eva2024;EVA_2_AF;An;As;1;feuille;240507_LM_GLS_Sample_11;0;138.1604697;3.13111546;26.22309198;66.53620352;0;313.8943249;4.69667319;1.956947162;4.69667319;1.174168297;0.391389432;560.8610568
20.02.2024;eva2024;EVA_2_AF;An;As;1;feuille;240507_LM_GLS_Sample_12;0;110.9612142;5.059021922;21.5851602;50.92748735;0;257.3355818;2.698145025;0;4.721753794;0.674536256;0.674536256;454.6374368
20.02.2024;eva2024;EVA_2_AF;Ma;As;1;feuille;240507_LM_GLS_Sample_13;0.804828974;385.915493;85.71428571;43.0583501;170.6237425;2.414486922;779.4768612;56.33802817;12.87726358;11.67002012;13.68209256;2.012072435;1564.587525
20.02.2024;eva2024;EVA_2_AF;Ma;As;1;feuille;240507_LM_GLS_Sample_14;0.372439479;455.8659218;70.76350093;69.27374302;122.9050279;1.489757914;751.2104283;43.57541899;16.38733706;8.566108007;14.89757914;2.979515829;1558.286778
20.02.2024;eva2024;EVA_2_AF;Ma;As;1;feuille;240507_LM_GLS_Sample_15;2.065404475;268.1583477;75.73149742;27.19449225;122.5473322;1.032702238;473.6660929;20.99827883;6.196213425;6.884681583;8.605851979;1.721170396;1014.802065
20.02.2024;eva2024;EVA_2_AF;Fe;As;1;feuille;240507_LM_GLS_Sample_16;0;172.9903537;27.97427653;19.2926045;85.53054662;0;330.5466238;19.2926045;2.572347267;4.180064309;7.073954984;0.321543408;669.7749196
20.02.2024;eva2024;EVA_2_AF;Fe;As;1;feuille;240507_LM_GLS_Sample_17;1.214574899;429.9595142;45.34412955;57.48987854;161.5384615;1.619433198;639.6761134;26.31578947;5.263157895;7.692307692;13.76518219;0.809716599;1390.688259
20.02.2024;eva2024;EVA_2_AF;Fe;As;1;feuille;240507_LM_GLS_Sample_18;0.655737705;130.1639344;25.24590164;14.09836066;76.06557377;0;200.6557377;10.81967213;1.967213115;3.278688525;6.229508197;0.327868852;469.5081967
20.02.2024;eva2024;EVA_2_AF;Fe;Mo;2;feuille;240507_LM_GLS_Sample_19;0.804828974;519.1146881;224.1448692;58.3501006;139.2354125;1.609657948;753.3199195;37.82696177;9.255533199;4.426559356;15.2917505;1.609657948;1764.98994
20.02.2024;eva2024;EVA_2_AF;Fe;Mo;2;feuille;240507_LM_GLS_Sample_20;0;158.0448065;56.6191446;37.06720978;70.46843177;0.407331976;514.8676171;58.24847251;4.480651731;3.258655804;7.739307536;0.407331976;911.6089613
20.02.2024;eva2024;EVA_2_AF;Fe;Mo;2;feuille;240507_LM_GLS_Sample_21;3.396226415;380;176.9811321;53.96226415;141.8867925;1.132075472;753.9622642;72.0754717;10.56603774;4.905660377;23.01886792;1.132075472;1623.018868
20.02.2024;eva2024;EVA_2_AF;An;Mo;2;feuille;240507_LM_GLS_Sample_22;0;147.7313975;5.807622505;25.04537205;81.66969147;0;353.1760436;7.259528131;5.081669691;2.540834846;5.807622505;0.725952813;634.845735
20.02.2024;eva2024;EVA_2_AF;An;Mo;2;feuille;240507_LM_GLS_Sample_23;1.060070671;668.9045936;55.83038869;95.40636042;196.1130742;0;974.204947;48.0565371;16.96113074;3.533568905;16.25441696;2.826855124;2079.151943
20.02.2024;eva2024;EVA_2_AF;An;Mo;2;feuille;240507_LM_GLS_Sample_24;0;151.3043478;8.347826087;32;66.43478261;0;424;12.17391304;2.782608696;3.130434783;3.47826087;0;703.6521739
20.02.2024;eva2024;EVA_2_AF;Ma;Mo;2;feuille;240507_LM_GLS_Sample_25;0;179.2993631;24.52229299;28.02547771;85.66878981;0.318471338;333.7579618;10.1910828;3.503184713;3.184713376;9.23566879;0.636942675;678.343949
20.02.2024;eva2024;EVA_2_AF;Ma;Mo;2;feuille;240507_LM_GLS_Sample_26;0.344827586;164.4827586;44.82758621;26.55172414;89.31034483;7.24137931;314.4827586;15.17241379;4.827586207;3.448275862;12.75862069;0.689655172;684.137931
20.02.2024;eva2024;EVA_2_AF;Ma;Mo;2;feuille;240507_LM_GLS_Sample_27;0;172.7272727;34.38735178;24.50592885;91.69960474;0;318.1818182;11.06719368;3.95256917;3.162055336;3.162055336;0.395256917;663.2411067
20.02.2024;eva2024;EVA_2_AF;Fe;As;2;feuille;240507_LM_GLS_Sample_28;0.322061192;438.3252818;80.8373591;68.92109501;87.27858293;1.610305958;661.8357488;22.22222222;16.42512077;5.152979066;9.661835749;4.508856683;1397.101449
20.02.2024;eva2024;EVA_2_AF;Fe;As;2;feuille;240507_LM_GLS_Sample_29;0.641025641;158.6538462;62.5;22.75641026;89.74358974;0.641025641;412.5;7.051282051;2.884615385;2.884615385;2.564102564;0.641025641;763.4615385
20.02.2024;eva2024;EVA_2_AF;Fe;As;2;feuille;240507_LM_GLS_Sample_30;0.365630713;181.3528336;44.24131627;31.80987203;78.24497258;2.559414991;460.3290676;11.70018282;2.559414991;4.387568556;2.559414991;1.462522852;821.5722121
20.02.2024;eva2024;EVA_2_AF;An;As;2;feuille;240507_LM_GLS_Sample_31;0;310.806175;12.34991424;47.68439108;111.8353345;0;546.1406518;9.262435678;8.233276158;3.087478559;4.459691252;1.02915952;1054.888508
20.02.2024;eva2024;EVA_2_AF;An;As;2;feuille;240507_LM_GLS_Sample_32;0;480.4642166;19.72920696;64.60348162;169.4390716;0;777.5628627;15.08704062;17.0212766;3.094777563;7.350096712;3.094777563;1557.446809
20.02.2024;eva2024;EVA_2_AF;An;As;2;feuille;240507_LM_GLS_Sample_33;0;198.4790875;8.365019011;37.64258555;96.9581749;0;422.0532319;11.78707224;4.562737643;3.041825095;3.422053232;1.140684411;787.4524715
20.02.2024;eva2024;EVA_2_AF;Ma;As;2;feuille;240507_LM_GLS_Sample_34;0.367647059;273.1617647;56.98529412;30.88235294;153.6764706;0.367647059;442.2794118;19.48529412;3.676470588;3.308823529;5.514705882;0.367647059;990.0735294
20.02.2024;eva2024;EVA_2_AF;Ma;As;2;feuille;240507_LM_GLS_Sample_35;0;235.2941176;28.30882353;29.41176471;106.6176471;0;372.4264706;14.70588235;6.617647059;2.573529412;8.455882353;0.735294118;805.1470588
20.02.2024;eva2024;EVA_2_AF;Ma;As;2;feuille;240507_LM_GLS_Sample_36;0.824742268;358.7628866;68.45360825;34.63917526;145.5670103;0;437.5257732;18.1443299;7.835051546;2.886597938;9.896907216;1.237113402;1085.773196
20.02.2024;eva2024;EVA_2_AF;Ma;Mo;3;feuille;240507_LM_GLS_Sample_37;1.481481481;520;216.2962963;70.37037037;134.8148148;0.37037037;814.4444444;21.85185185;11.11111111;4.074074074;5.925925926;5.185185185;1805.925926
20.02.2024;eva2024;EVA_2_AF;Ma;Mo;3;feuille;240507_LM_GLS_Sample_38;0.343053173;310.806175;113.2075472;40.82332762;116.9811321;0.343053173;613.7221269;12.69296741;6.174957118;2.744425386;8.233276158;3.087478559;1229.15952
20.02.2024;eva2024;EVA_2_AF;Ma;Mo;3;feuille;240507_LM_GLS_Sample_39;0;254.6489564;86.90702087;45.54079696;86.14800759;0.379506641;634.5351044;25.04743833;8.34914611;3.036053131;12.90322581;1.897533207;1159.392789
20.02.2024;eva2024;EVA_2_AF;Fe;Mo;3;feuille;240507_LM_GLS_Sample_40;5.791505792;905.4054054;220.0772201;69.88416988;188.030888;0;566.4092664;50.19305019;15.05791506;3.088803089;38.22393822;1.930501931;2064.092664
20.02.2024;eva2024;EVA_2_AF;Fe;Mo;3;feuille;240507_LM_GLS_Sample_41;0;271.7504333;41.94107452;33.62218371;107.4523397;0;444.0207972;19.75736568;5.54592721;2.426343154;14.21143847;0.693240901;941.4211438
20.02.2024;eva2024;EVA_2_AF;Fe;Mo;3;feuille;240507_LM_GLS_Sample_42;0.751879699;339.4736842;89.47368421;34.96240602;93.23308271;0;362.7819549;22.55639098;5.263157895;2.255639098;24.06015038;1.127819549;975.9398496
20.02.2024;eva2024;EVA_2_AF;An;Mo;3;feuille;240507_LM_GLS_Sample_43;0;962.4548736;33.57400722;117.6895307;253.0685921;0;1061.371841;68.23104693;40.07220217;8.303249097;38.62815884;3.249097473;2586.642599
20.02.2024;eva2024;EVA_2_AF;An;Mo;3;feuille;240507_LM_GLS_Sample_44;0;200;13.77952756;35.82677165;107.8740157;0;515.3543307;9.05511811;4.724409449;1.57480315;4.330708661;1.181102362;893.7007874
20.02.2024;eva2024;EVA_2_AF;An;Mo;3;feuille;240507_LM_GLS_Sample_45;0;150;7.931034483;35.86206897;66.89655172;0;372.7586207;16.89655172;2.75862069;1.724137931;6.206896552;0.344827586;661.3793103
20.02.2024;eva2024;EVA_2_AF;Ma;As;3;feuille;240507_LM_GLS_Sample_46;0.390625;221.484375;55.46875;41.40625;80.078125;4.296875;468.359375;38.28125;7.8125;3.515625;10.546875;1.5625;933.203125
20.02.2024;eva2024;EVA_2_AF;Ma;As;3;feuille;240507_LM_GLS_Sample_47;0.34965035;186.013986;66.43356643;30.76923077;91.25874126;0.699300699;490.5594406;20.97902098;3.496503497;4.545454545;1.748251748;1.398601399;898.2517483
20.02.2024;eva2024;EVA_2_AF;Ma;As;3;feuille;240507_LM_GLS_Sample_48;0.73664825;179.373849;61.14180479;26.15101289;66.29834254;1.473296501;343.2780847;21.73112339;3.683241252;3.683241252;5.524861878;1.104972376;714.1804788
20.02.2024;eva2024;EVA_2_AF;Fe;As;3;feuille;240507_LM_GLS_Sample_49;0;215.8730159;26.58730159;22.61904762;99.6031746;3.968253968;342.4603175;8.73015873;4.365079365;2.380952381;1.984126984;1.587301587;730.1587302
20.02.2024;eva2024;EVA_2_AF;Fe;As;3;feuille;240507_LM_GLS_Sample_50;0.766283525;285.8237548;51.72413793;36.39846743;136.0153257;0.383141762;440.9961686;20.30651341;8.812260536;2.681992337;12.2605364;1.149425287;997.3180077
20.02.2024;eva2024;EVA_2_AF;Fe;As;3;feuille;240507_LM_GLS_Sample_51;0;265.7844991;35.16068053;37.80718336;116.0680529;0;479.7731569;21.55009452;4.914933837;2.268431002;24.57466919;0.756143667;988.657845
20.02.2024;eva2024;EVA_2_AF;An;As;3;feuille;240507_LM_GLS_Sample_52;0;322.826087;14.85507246;50.72463768;112.6811594;0;527.8985507;10.86956522;7.246376812;2.173913043;10.86956522;0.724637681;1060.869565
20.02.2024;eva2024;EVA_2_AF;An;As;3;feuille;240507_LM_GLS_Sample_53;0;94.91525424;5.084745763;33.22033898;26.44067797;0;261.0169492;13.22033898;1.355932203;1.355932203;11.86440678;0;448.4745763
20.02.2024;eva2024;EVA_2_AF;An;As;3;feuille;240507_LM_GLS_Sample_54;0;156.3302752;13.21100917;22.3853211;84.40366972;0;353.0275229;6.972477064;5.504587156;1.100917431;1.467889908;0.366972477;644.7706422
20.02.2024;eva2024;EVA_2_AF;Fe;Mo;4;feuille;240507_LM_GLS_Sample_55;1.711840228;166.9044223;45.64907275;20.82738944;81.02710414;0;306.4194009;11.9828816;2.567760342;1.711840228;5.991440799;0.570613409;645.363766
20.02.2024;eva2024;EVA_2_AF;Fe;Mo;4;feuille;240507_LM_GLS_Sample_56;0;191.7757009;22.42990654;22.80373832;114.3925234;0.373831776;411.588785;13.45794393;3.364485981;1.869158879;6.728971963;0.373831776;789.1588785
20.02.2024;eva2024;EVA_2_AF;Fe;Mo;4;feuille;240507_LM_GLS_Sample_57;0;194.1060904;15.32416503;28.68369352;82.12180747;0;344.5972495;12.96660118;4.322200393;1.964636542;8.644400786;0;692.7308448
20.02.2024;eva2024;EVA_2_AF;Ma;Mo;4;feuille;240507_LM_GLS_Sample_58;0;209.9616858;55.55555556;38.31417625;91.95402299;0.383141762;562.0689655;10.34482759;3.0651341;2.298850575;6.130268199;0.766283525;980.8429119
20.02.2024;eva2024;EVA_2_AF;Ma;Mo;4;feuille;240507_LM_GLS_Sample_59;0.677966102;301.3559322;76.94915254;47.79661017;108.4745763;1.016949153;628.8135593;21.01694915;9.491525424;3.050847458;11.18644068;1.694915254;1211.525424
20.02.2024;eva2024;EVA_2_AF;Ma;Mo;4;feuille;240507_LM_GLS_Sample_60;0.788954635;290.3353057;108.4812623;42.99802761;132.938856;0.788954635;767.2583826;15.7790927;6.311637081;1.972386588;7.889546351;1.183431953;1376.725838
20.02.2024;eva2024;EVA_2_AF;An;Mo;4;feuille;240507_LM_GLS_Sample_61;0;226.1648746;13.97849462;34.05017921;102.1505376;0;449.4623656;7.885304659;6.451612903;1.433691756;2.867383513;0.358422939;844.8028674
20.02.2024;eva2024;EVA_2_AF;An;Mo;4;feuille;240507_LM_GLS_Sample_62;0;169.5431472;11.50592217;29.78003384;136.7174281;0;427.4111675;10.82910321;9.475465313;2.368866328;8.460236887;0.676818951;806.7681895
20.02.2024;eva2024;EVA_2_AF;An;Mo;4;feuille;240507_LM_GLS_Sample_63;0;168.2656827;6.273062731;26.19926199;79.33579336;0;349.4464945;4.42804428;2.58302583;1.10701107;4.05904059;0.36900369;642.0664207
20.02.2024;eva2024;EVA_2_AF;Fe;As;4;feuille;240507_LM_GLS_Sample_64;0.37593985;190.2255639;26.31578947;22.18045113;128.9473684;0.751879699;290.2255639;11.27819549;4.135338346;2.255639098;6.015037594;0.751879699;683.4586466
20.02.2024;eva2024;EVA_2_AF;Fe;As;4;feuille;240507_LM_GLS_Sample_65;0.36036036;176.2162162;28.10810811;20.9009009;92.61261261;1.801801802;281.8018018;11.89189189;1.801801802;2.522522523;4.684684685;0.36036036;623.0630631
20.02.2024;eva2024;EVA_2_AF;Fe;As;4;feuille;240507_LM_GLS_Sample_66;0.281293952;157.8059072;22.22222222;20.53445851;77.6371308;2.812939522;251.4767932;8.157524613;0.562587904;1.969057665;4.219409283;0;547.6793249
20.02.2024;eva2024;EVA_2_AF;Ma;As;4;feuille;240507_LM_GLS_Sample_67;1.715265866;274.0994854;78.2161235;20.92624357;131.3893654;0;429.8456261;23.67066895;6.174957118;3.087478559;2.058319039;0.686106346;971.8696398
20.02.2024;eva2024;EVA_2_AF;Ma;As;4;feuille;240507_LM_GLS_Sample_68;0.760456274;234.9809886;74.52471483;33.46007605;87.07224335;1.140684411;413.6882129;47.14828897;7.604562738;3.802281369;11.40684411;0.760456274;916.3498099
20.02.2024;eva2024;EVA_2_AF;Ma;As;4;feuille;240507_LM_GLS_Sample_69;0.731261426;152.4680073;63.61974406;21.20658135;60.32906764;1.096892139;285.5575868;23.03473492;2.925045704;1.828153565;5.484460695;0;618.2815356
20.02.2024;eva2024;EVA_2_AF;An;As;4;feuille;240507_LM_GLS_Sample_70;0;198.8304094;5.847953216;30.40935673;76.02339181;0;366.8615984;6.237816764;1.559454191;1.559454191;1.169590643;0;688.4990253
20.02.2024;eva2024;EVA_2_AF;An;As;4;feuille;240507_LM_GLS_Sample_71;0;413.2669983;12.60364842;65.33996683;142.2885572;0;693.2006633;11.94029851;8.291873964;1.990049751;6.301824212;1.326699834;1356.55058
20.02.2024;eva2024;EVA_2_AF;An;As;4;feuille;240507_LM_GLS_Sample_72;0;168.4615385;10.76923077;26.15384615;95.76923077;0;405;5.769230769;2.307692308;1.153846154;2.307692308;0;717.6923077
